ID,C1.Sex,C2.Age,B2.Building Function,D5.Clothing Insulation (clo),D6.Metabolic Rate (met),E1.Indoor Air Temperature (C),E2.Indoor Relative Humidity (%),E3.Indoor Air Velocity (m/s),F2.Mean Radiant Temperature (C),F4.PMV,D1.TSV,Ideal PMV
ASHRAE_111,Female,28.0,Office,0.88,1.1,24.6,58.4,0.11,25.5,0.5,0.0,0.5
ASHRAE_113,Female,34.0,Office,0.41,1.1,24.9,57.6,0.11,25.7,-0.2,0.0,-0.2
ASHRAE_115,Male,37.0,Office,0.61,1.1,23.0,58.9,0.1,24.2,-0.3,0.0,-0.3
ASHRAE_118,Male,26.0,Office,0.61,1.1,25.1,59.2,0.11,25.6,0.2,0.0,0.2
ASHRAE_123,Male,53.0,Office,0.84,1.1,24.0,60.2,0.15,25.0,0.2,0.0,0.2
ASHRAE_124,Male,29.0,Office,0.56,1.1,24.2,59.8,0.11,25.0,-0.1,0.0,-0.1
ASHRAE_125,Male,35.0,Office,0.56,1.1,24.2,59.4,0.13,25.2,-0.1,0.0,-0.1
ASHRAE_127,Female,34.0,Office,0.34,1.1,24.8,63.8,0.15,25.6,-0.5,0.0,-0.5
ASHRAE_131,Female,28.0,Office,0.64,1.1,23.9,61.2,0.17,25.0,-0.2,0.0,-0.2
ASHRAE_132,Male,28.0,Office,0.65,1.1,23.5,61.0,0.17,24.5,-0.3,0.0,-0.3
ASHRAE_133,Male,26.0,Office,0.56,1.1,23.3,61.6,0.21,24.2,-0.7,0.0,-0.7
ASHRAE_139,Female,25.0,Office,0.46,1.1,23.1,57.1,0.15,24.1,-0.9,0.0,-0.9
ASHRAE_140,Male,27.0,Office,0.56,1.1,23.1,56.9,0.11,23.7,-0.5,0.0,-0.5
ASHRAE_141,Female,23.0,Office,0.46,1.1,23.0,57.1,0.12,23.5,-0.8,0.0,-0.8
ASHRAE_142,Female,25.0,Office,0.63,1.1,22.5,57.1,0.11,23.1,-0.5,0.0,-0.5
ASHRAE_143,Male,31.0,Office,0.65,1.1,22.0,57.9,0.15,22.9,-0.7,0.0,-0.7
ASHRAE_144,Female,38.0,Office,0.41,1.1,21.6,58.2,0.13,22.7,-1.4,0.0,-1.4
ASHRAE_145,Female,21.0,Office,0.57,1.1,22.3,58.0,0.1,22.9,-0.7,0.0,-0.7
ASHRAE_146,Female,21.0,Office,0.68,1.1,22.6,57.8,0.13,23.4,-0.5,0.0,-0.5
ASHRAE_147,Male,31.0,Office,0.65,1.1,22.2,56.8,0.12,23.2,-0.6,0.0,-0.6
ASHRAE_150,Female,26.0,Office,0.34,1.1,21.7,57.1,0.13,22.8,-1.7,0.0,-1.7
ASHRAE_151,Male,29.0,Office,0.56,1.1,21.7,57.7,0.11,22.9,-0.9,0.0,-0.9
ASHRAE_154,Female,30.0,Office,0.59,1.1,24.5,36.6,0.11,25.9,0.0,0.0,0.0
ASHRAE_155,Female,26.0,Office,0.55,1.1,24.6,36.5,0.11,25.8,-0.1,0.0,-0.1
ASHRAE_156,Male,24.0,Office,0.56,1.1,24.5,36.5,0.11,25.3,-0.2,0.0,-0.2
ASHRAE_159,Female,25.0,Office,0.67,1.1,22.8,37.6,0.11,24.0,-0.4,0.0,-0.4
ASHRAE_162,Male,27.0,Office,0.56,1.1,23.6,36.3,0.13,24.3,-0.6,0.0,-0.6
ASHRAE_163,Female,28.0,Office,0.46,1.1,23.7,35.6,0.12,24.5,-0.7,0.0,-0.7
ASHRAE_165,Male,22.0,Office,0.65,1.1,23.4,35.2,0.11,24.7,-0.3,0.0,-0.3
ASHRAE_166,Male,28.0,Office,0.56,1.1,23.5,35.1,0.14,24.6,-0.6,0.0,-0.6
ASHRAE_170,Male,24.0,Office,0.56,1.1,22.8,35.3,0.12,23.8,-0.7,0.0,-0.7
ASHRAE_171,Female,38.0,Office,0.38,1.1,22.8,35.4,0.11,23.7,-1.2,0.0,-1.2
ASHRAE_179,Male,27.0,Office,0.99,1.1,19.5,48.5,0.11,20.5,-0.7,0.0,-0.7
ASHRAE_181,Female,27.0,Office,0.85,1.1,25.1,38.1,0.25,25.7,0.2,0.0,0.2
ASHRAE_184,Female,26.0,Office,0.34,1.1,22.2,38.4,0.1,23.2,-1.5,0.0,-1.5
ASHRAE_186,Male,29.0,Office,0.56,1.1,23.0,37.1,0.11,23.9,-0.6,0.0,-0.6
ASHRAE_187,Female,35.0,Office,0.43,1.1,22.3,36.9,0.14,23.6,-1.3,0.0,-1.3
ASHRAE_192,Male,28.0,Office,0.65,1.1,22.2,36.1,0.12,23.3,-0.7,0.0,-0.7
ASHRAE_194,Female,29.0,Office,0.67,1.1,21.9,36.0,0.11,23.2,-0.7,0.0,-0.7
ASHRAE_195,Female,33.0,Office,0.56,1.1,21.9,35.8,0.12,23.0,-1.0,0.0,-1.0
ASHRAE_198,Female,39.0,Office,0.27,1.1,21.6,35.7,0.31,23.2,-2.9,0.0,-2.9
ASHRAE_200,Male,33.0,Office,0.56,1.1,21.4,36.0,0.18,22.3,-1.4,0.0,-1.4
ASHRAE_204,Female,34.0,Office,0.63,1.1,22.7,73.8,0.16,22.9,-0.6,0.0,-0.6
ASHRAE_212,Female,25.0,Office,0.43,1.1,21.9,69.3,0.11,22.5,-1.2,0.0,-1.2
ASHRAE_214,Female,25.0,Office,0.31,1.1,23.6,72.6,0.13,24.3,-1.0,0.0,-1.0
ASHRAE_216,Male,32.0,Office,0.45,1.1,23.4,70.7,0.1,24.4,-0.5,0.0,-0.5
ASHRAE_217,Female,30.0,Office,0.46,1.1,23.6,73.2,0.13,24.4,-0.5,0.0,-0.5
ASHRAE_219,Female,27.0,Office,0.46,1.1,23.0,70.6,0.11,24.0,-0.6,0.0,-0.6
ASHRAE_220,Male,29.0,Office,0.65,1.1,22.2,70.4,0.16,22.6,-0.7,0.0,-0.7
ASHRAE_223,Male,31.0,Office,0.45,1.1,22.9,68.3,0.13,23.7,-0.8,0.0,-0.8
ASHRAE_224,Female,28.0,Office,0.55,1.1,24.0,64.1,0.11,25.2,-0.1,0.0,-0.1
ASHRAE_225,Female,25.0,Office,0.55,1.1,23.7,70.1,0.13,24.2,-0.3,0.0,-0.3
ASHRAE_239,Male,24.0,Office,0.65,1.1,22.9,72.1,0.13,23.4,-0.4,0.0,-0.4
ASHRAE_241,Male,31.0,Office,0.56,1.1,23.0,71.4,0.13,23.2,-0.6,0.0,-0.6
ASHRAE_243,Female,30.0,Office,0.55,1.1,23.0,73.3,0.11,23.5,-0.5,0.0,-0.5
ASHRAE_244,Male,31.0,Office,0.56,1.1,22.1,72.3,0.15,22.3,-0.9,0.0,-0.9
ASHRAE_247,Female,33.0,Office,0.67,1.1,23.2,65.5,0.11,24.1,-0.2,0.0,-0.2
ASHRAE_249,Female,31.0,Office,0.51,1.1,23.3,65.8,0.13,24.3,-0.5,0.0,-0.5
ASHRAE_250,Female,30.0,Office,0.55,1.1,23.6,66.2,0.11,24.4,-0.3,0.0,-0.3
ASHRAE_251,Female,29.0,Office,0.51,1.1,23.6,66.4,0.13,24.4,-0.4,0.0,-0.4
ASHRAE_253,Female,28.0,Office,0.51,1.1,23.0,67.1,0.12,23.7,-0.6,0.0,-0.6
ASHRAE_256,Male,24.0,Office,0.56,1.1,23.8,68.3,0.11,24.4,-0.2,0.0,-0.2
ASHRAE_257,Male,31.0,Office,0.56,1.1,23.3,67.0,0.12,24.0,-0.4,0.0,-0.4
ASHRAE_262,Female,25.0,Office,0.4,1.1,22.2,64.1,0.13,23.0,-1.3,0.0,-1.3
ASHRAE_264,Male,38.0,Office,0.51,1.1,22.3,65.1,0.12,23.4,-0.8,0.0,-0.8
ASHRAE_265,Male,40.0,Office,0.56,1.1,23.0,63.8,0.11,23.9,-0.5,0.0,-0.5
ASHRAE_267,Female,30.0,Office,0.63,1.1,22.2,63.4,0.11,22.7,-0.6,0.0,-0.6
ASHRAE_269,Male,37.0,Office,0.56,1.1,22.8,62.1,0.12,23.8,-0.6,0.0,-0.6
ASHRAE_273,Male,55.0,Office,0.44,1.1,22.6,64.1,0.12,23.3,-1.0,0.0,-1.0
ASHRAE_274,Female,29.0,Office,0.63,1.1,22.7,63.7,0.15,23.2,-0.6,0.0,-0.6
ASHRAE_275,Male,36.0,Office,0.45,1.1,22.4,63.8,0.13,23.1,-1.1,0.0,-1.1
ASHRAE_276,Female,28.0,Office,0.55,1.1,23.2,64.0,0.13,24.1,-0.5,0.0,-0.5
ASHRAE_282,Male,31.0,Office,0.56,1.1,23.0,63.4,0.12,23.5,-0.5,0.0,-0.5
ASHRAE_284,Female,22.0,Office,0.52,1.1,22.4,64.5,0.16,23.2,-0.9,0.0,-0.9
ASHRAE_285,Female,28.0,Office,0.55,1.1,22.1,65.6,0.12,22.5,-0.9,0.0,-0.9
ASHRAE_286,Female,23.0,Office,0.49,1.1,22.0,65.9,0.13,22.7,-1.1,0.0,-1.1
ASHRAE_289,Male,26.0,Office,0.65,1.1,22.3,62.1,0.12,23.4,-0.5,0.0,-0.5
ASHRAE_290,Female,24.0,Office,0.59,1.1,23.3,65.5,0.11,23.8,-0.3,0.0,-0.3
ASHRAE_291,Female,29.0,Office,0.47,1.1,23.1,65.1,0.12,24.1,-0.7,0.0,-0.7
ASHRAE_292,Female,26.0,Office,0.66,1.1,22.9,65.3,0.12,23.9,-0.3,0.0,-0.3
ASHRAE_293,Female,29.0,Office,0.79,1.1,23.5,65.2,0.12,24.4,0.1,0.0,0.1
ASHRAE_297,Female,25.0,Office,0.43,1.1,21.4,71.7,0.14,21.7,-1.5,0.0,-1.5
ASHRAE_300,Female,25.0,Office,0.56,1.1,22.9,68.1,0.21,23.7,-0.8,0.0,-0.8
ASHRAE_301,Female,30.0,Office,0.63,1.1,22.9,67.8,0.11,23.3,-0.4,0.0,-0.4
ASHRAE_307,Female,56.0,Office,0.57,1.1,21.4,72.9,0.1,21.7,-0.9,0.0,-0.9
ASHRAE_309,Female,25.0,Office,0.48,1.1,22.7,68.3,0.11,23.8,-0.7,0.0,-0.7
ASHRAE_312,Male,29.0,Office,0.56,1.1,22.4,67.8,0.13,22.9,-0.7,0.0,-0.7
ASHRAE_315,Female,24.0,Office,0.55,1.1,22.6,72.0,0.11,23.0,-0.6,0.0,-0.6
ASHRAE_316,Female,26.0,Office,0.71,1.1,22.3,71.9,0.11,22.6,-0.4,0.0,-0.4
ASHRAE_319,Female,23.0,Office,0.88,1.1,23.0,79.3,0.1,23.1,0.2,0.0,0.2
ASHRAE_327,Female,25.0,Office,0.63,1.1,22.9,68.3,0.11,23.3,-0.4,0.0,-0.4
ASHRAE_330,Female,28.0,Office,0.75,1.1,22.1,71.3,0.1,22.2,-0.3,0.0,-0.3
ASHRAE_332,Female,32.0,Office,0.46,1.1,22.6,67.4,0.11,22.9,-0.9,0.0,-0.9
ASHRAE_334,Male,22.0,Office,0.56,1.1,21.8,61.4,0.18,23.5,-1.0,0.0,-1.0
ASHRAE_335,Male,31.0,Office,0.45,1.1,21.5,60.4,0.14,22.8,-1.3,0.0,-1.3
ASHRAE_336,Male,37.0,Office,0.65,1.1,21.7,59.7,0.13,22.8,-0.7,0.0,-0.7
ASHRAE_339,Male,32.0,Office,0.56,1.1,23.0,58.1,0.11,23.9,-0.5,0.0,-0.5
ASHRAE_347,Female,23.0,Office,0.41,1.1,22.5,56.9,0.1,23.3,-1.0,0.0,-1.0
ASHRAE_348,Male,41.0,Office,0.56,1.1,22.9,56.1,0.11,23.5,-0.6,0.0,-0.6
ASHRAE_349,Male,23.0,Office,0.56,1.1,22.9,55.4,0.12,23.6,-0.6,0.0,-0.6
ASHRAE_353,Female,26.0,Office,0.52,1.1,22.6,55.0,0.11,23.0,-0.8,0.0,-0.8
ASHRAE_364,Male,27.0,Office,0.56,1.1,20.8,62.0,0.1,21.4,-1.2,0.0,-1.2
ASHRAE_367,Female,32.0,Office,0.47,1.1,22.1,59.0,0.11,22.6,-1.1,0.0,-1.1
ASHRAE_368,Female,25.0,Office,0.55,1.1,22.1,58.7,0.13,22.8,-0.9,0.0,-0.9
ASHRAE_369,Female,24.0,Office,0.63,1.1,22.1,58.8,0.1,22.6,-0.6,0.0,-0.6
ASHRAE_371,Male,29.0,Office,0.56,1.1,22.2,59.1,0.12,22.6,-0.8,0.0,-0.8
ASHRAE_372,Male,31.0,Office,0.56,1.1,22.5,58.4,0.12,22.9,-0.8,0.0,-0.8
ASHRAE_377,Male,32.0,Office,0.56,1.1,22.6,57.1,0.14,23.3,-0.8,0.0,-0.8
ASHRAE_378,Female,21.0,Office,0.34,1.1,22.1,58.1,0.1,22.6,-1.5,0.0,-1.5
ASHRAE_381,Female,25.0,Office,0.51,1.1,22.4,57.7,0.1,22.8,-0.8,0.0,-0.8
ASHRAE_383,Male,25.0,Office,0.56,1.1,22.0,57.1,0.11,22.6,-0.8,0.0,-0.8
ASHRAE_385,Male,36.0,Office,0.65,1.1,22.0,56.7,0.14,22.4,-0.8,0.0,-0.8
ASHRAE_391,Female,27.0,Office,0.41,1.1,23.6,48.0,0.12,24.4,-0.8,0.0,-0.8
ASHRAE_392,Female,36.0,Office,0.46,1.1,24.8,41.6,0.14,26.1,-0.3,0.0,-0.3
ASHRAE_394,Female,44.0,Office,0.34,1.1,25.2,40.8,0.12,26.1,-0.4,0.0,-0.4
ASHRAE_396,Male,22.0,Office,0.51,1.1,24.1,40.0,0.16,25.0,-0.5,0.0,-0.5
ASHRAE_397,Male,23.0,Office,0.6,1.1,24.1,39.4,0.13,24.9,-0.3,0.0,-0.3
ASHRAE_398,Female,35.0,Office,0.43,1.1,24.1,38.8,0.11,24.6,-0.6,0.0,-0.6
ASHRAE_399,Male,24.0,Office,0.56,1.1,24.5,37.3,0.12,25.0,-0.2,0.0,-0.2
ASHRAE_401,Female,29.0,Office,0.43,1.1,24.2,38.5,0.11,25.4,-0.5,0.0,-0.5
ASHRAE_405,Male,30.0,Office,0.65,1.1,24.5,43.2,0.16,24.9,-0.2,0.0,-0.2
ASHRAE_406,Male,18.0,Office,0.51,1.1,24.4,45.2,0.12,25.3,-0.3,0.0,-0.3
ASHRAE_410,Female,34.0,Office,0.31,1.1,24.1,55.8,0.13,25.0,-0.9,0.0,-0.9
ASHRAE_411,Female,31.0,Office,0.55,1.1,24.0,45.1,0.13,25.2,-0.3,0.0,-0.3
ASHRAE_412,Female,24.0,Office,0.63,1.1,24.5,40.2,0.14,25.5,-0.1,0.0,-0.1
ASHRAE_416,Female,26.0,Office,0.73,1.1,22.8,39.0,0.14,23.9,-0.4,0.0,-0.4
ASHRAE_417,Female,31.0,Office,0.51,1.1,23.6,37.7,0.12,24.4,-0.6,0.0,-0.6
ASHRAE_418,Male,30.0,Office,0.56,1.1,24.0,36.6,0.11,25.0,-0.3,0.0,-0.3
ASHRAE_419,Female,22.0,Office,0.41,1.1,24.1,36.4,0.11,25.1,-0.6,0.0,-0.6
ASHRAE_420,Female,27.0,Office,0.41,1.1,23.6,36.5,0.1,24.4,-0.8,0.0,-0.8
ASHRAE_422,Female,24.0,Office,0.63,1.1,23.5,35.5,0.1,24.5,-0.3,0.0,-0.3
ASHRAE_424,Male,19.0,Office,0.56,1.1,23.8,34.6,0.13,24.6,-0.5,0.0,-0.5
ASHRAE_425,Male,60.0,Office,0.51,1.1,23.8,33.6,0.14,24.6,-0.6,0.0,-0.6
ASHRAE_427,Female,27.0,Office,0.46,1.1,22.6,44.0,0.11,23.4,-1.0,0.0,-1.0
ASHRAE_429,Male,40.0,Office,0.45,1.1,23.0,43.5,0.12,23.9,-0.9,0.0,-0.9
ASHRAE_430,Male,26.0,Office,0.56,1.1,23.3,44.9,0.15,24.2,-0.6,0.0,-0.6
ASHRAE_431,Female,21.0,Office,0.55,1.1,23.6,44.8,0.13,24.6,-0.5,0.0,-0.5
ASHRAE_432,Female,32.0,Office,0.46,1.1,23.5,45.6,0.13,24.2,-0.8,0.0,-0.8
ASHRAE_433,Male,33.0,Office,0.56,1.1,22.8,36.1,0.11,23.9,-0.7,0.0,-0.7
ASHRAE_438,Male,37.0,Office,0.56,1.1,21.6,68.4,0.11,22.1,-0.9,0.0,-0.9
ASHRAE_440,Female,33.0,Office,0.46,1.1,20.8,67.6,0.16,21.7,-1.7,0.0,-1.7
ASHRAE_442,Female,32.0,Office,0.34,1.1,20.6,68.0,0.11,21.4,-2.0,0.0,-2.0
ASHRAE_446,Female,31.0,Office,0.43,1.1,21.1,67.6,0.11,21.9,-1.5,0.0,-1.5
ASHRAE_450,Female,22.0,Office,0.46,1.1,21.8,66.2,0.1,22.6,-1.1,0.0,-1.1
ASHRAE_451,Female,24.0,Office,0.56,1.1,21.8,66.4,0.17,22.6,-1.1,0.0,-1.1
ASHRAE_452,Female,29.0,Office,0.81,1.1,21.6,67.4,0.12,22.1,-0.4,0.0,-0.4
ASHRAE_455,Female,31.0,Office,0.55,1.1,23.1,69.3,0.12,23.8,-0.5,0.0,-0.5
ASHRAE_464,Female,23.0,Office,0.7,1.1,22.5,71.1,0.15,23.0,-0.4,0.0,-0.4
ASHRAE_471,Male,36.0,Office,0.6,1.1,23.1,70.6,0.17,23.7,-0.5,0.0,-0.5
ASHRAE_472,Female,22.0,Office,0.55,1.1,23.0,70.4,0.1,23.5,-0.5,0.0,-0.5
ASHRAE_474,Female,25.0,Office,0.63,1.1,23.3,69.5,0.1,24.4,-0.1,0.0,-0.1
ASHRAE_476,Male,33.0,Office,0.65,1.1,25.2,60.1,0.16,25.6,0.2,0.0,0.2
ASHRAE_479,Male,37.0,Office,0.56,1.1,23.5,62.7,0.12,24.4,-0.3,0.0,-0.3
ASHRAE_480,Male,26.0,Office,0.65,1.1,23.8,62.1,0.12,24.2,-0.1,0.0,-0.1
ASHRAE_481,Female,27.0,Office,0.55,1.1,23.7,61.9,0.12,24.4,-0.3,0.0,-0.3
ASHRAE_482,Male,42.0,Office,0.65,1.1,23.6,61.9,0.11,24.5,-0.1,0.0,-0.1
ASHRAE_484,Female,22.0,Office,0.63,1.1,23.7,61.9,0.14,24.5,-0.2,0.0,-0.2
ASHRAE_486,Female,26.0,Office,0.27,1.1,24.5,61.7,0.09,24.9,-0.7,0.0,-0.7
ASHRAE_487,Male,37.0,Office,0.56,1.1,25.2,60.2,0.11,25.7,0.2,0.0,0.2
ASHRAE_488,Female,29.0,Office,0.57,1.1,25.0,60.7,0.12,25.4,0.1,0.0,0.1
ASHRAE_491,Female,28.0,Office,0.88,1.1,25.2,59.1,0.09,25.7,0.7,0.0,0.7
ASHRAE_500,Female,27.0,Office,0.47,1.1,24.3,59.6,0.13,24.7,-0.4,0.0,-0.4
ASHRAE_501,Male,38.0,Office,0.65,1.1,24.1,60.2,0.15,24.9,-0.1,0.0,-0.1
ASHRAE_505,Male,23.0,Office,0.56,1.1,23.2,61.1,0.16,23.6,-0.6,0.0,-0.6
ASHRAE_509,Female,40.0,Office,0.41,1.1,22.8,62.8,0.11,23.2,-1.0,0.0,-1.0
ASHRAE_510,Male,54.0,Office,0.56,1.1,23.8,61.2,0.1,24.4,-0.2,0.0,-0.2
ASHRAE_511,Male,22.0,Office,0.56,1.1,23.6,60.8,0.13,24.4,-0.4,0.0,-0.4
ASHRAE_520,Male,35.0,Office,0.56,1.1,22.9,59.1,0.13,23.4,-0.6,0.0,-0.6
ASHRAE_522,Female,28.0,Office,0.51,1.1,23.7,58.6,0.11,24.1,-0.4,0.0,-0.4
ASHRAE_525,Male,38.0,Office,0.65,1.1,23.4,59.2,0.14,24.3,-0.3,0.0,-0.3
ASHRAE_528,Female,27.0,Office,0.46,1.1,23.1,59.6,0.13,23.8,-0.8,0.0,-0.8
ASHRAE_532,Male,21.0,Office,0.56,1.1,22.8,60.0,0.15,23.6,-0.7,0.0,-0.7
ASHRAE_533,Male,27.0,Office,0.65,1.1,22.5,60.0,0.15,22.9,-0.6,0.0,-0.6
ASHRAE_534,Female,30.0,Office,0.62,1.1,23.6,57.7,0.11,24.2,-0.2,0.0,-0.2
ASHRAE_535,Male,26.0,Office,0.56,1.1,23.4,57.9,0.13,24.1,-0.5,0.0,-0.5
ASHRAE_538,Female,26.0,Office,0.46,1.1,23.0,61.3,0.11,23.5,-0.8,0.0,-0.8
ASHRAE_540,Male,32.0,Office,0.56,1.1,22.4,63.4,0.19,23.3,-0.9,0.0,-0.9
ASHRAE_542,Male,26.0,Office,0.7,1.1,23.2,59.3,0.15,23.5,-0.3,0.0,-0.3
ASHRAE_543,Female,27.0,Office,0.62,1.1,22.7,59.0,0.12,23.2,-0.5,0.0,-0.5
ASHRAE_548,Male,24.0,Office,0.56,1.1,23.0,58.6,0.12,23.7,-0.6,0.0,-0.6
ASHRAE_549,Male,25.0,Office,0.65,1.1,22.8,58.5,0.14,23.3,-0.5,0.0,-0.5
ASHRAE_553,Female,23.0,Office,0.47,1.1,22.0,58.9,0.11,22.6,-1.1,0.0,-1.1
ASHRAE_555,Female,39.0,Office,0.46,1.1,22.7,57.9,0.11,23.1,-0.9,0.0,-0.9
ASHRAE_560,Female,26.0,Office,0.57,1.1,22.5,59.2,0.11,23.0,-0.7,0.0,-0.7
ASHRAE_562,Female,26.0,Office,0.7,1.1,22.3,58.7,0.11,22.6,-0.5,0.0,-0.5
ASHRAE_564,Male,31.0,Office,0.56,1.1,21.9,58.8,0.11,22.5,-0.9,0.0,-0.9
ASHRAE_571,Male,48.0,Office,0.56,1.1,21.9,60.4,0.13,22.6,-0.9,0.0,-0.9
ASHRAE_572,Female,37.0,Office,0.55,1.1,22.3,60.1,0.12,23.0,-0.8,0.0,-0.8
ASHRAE_573,Female,33.0,Office,0.6,1.1,22.5,59.6,0.11,23.0,-0.6,0.0,-0.6
ASHRAE_575,Female,48.0,Office,0.47,1.1,25.0,58.2,0.1,25.5,0.0,0.0,0.0
ASHRAE_581,Male,22.0,Office,0.56,1.1,24.2,58.8,0.11,25.0,-0.1,0.0,-0.1
ASHRAE_582,Female,40.0,Office,0.56,1.1,23.7,59.3,0.12,24.2,-0.4,0.0,-0.4
ASHRAE_585,Female,40.0,Office,0.34,1.1,23.5,58.7,0.13,24.2,-1.0,0.0,-1.0
ASHRAE_587,Female,44.0,Office,0.56,1.1,23.4,58.8,0.12,23.9,-0.5,0.0,-0.5
ASHRAE_588,Female,39.0,Office,0.55,1.1,23.4,59.2,0.13,23.9,-0.5,0.0,-0.5
ASHRAE_593,Male,37.0,Office,0.56,1.1,23.9,58.6,0.12,24.3,-0.3,0.0,-0.3
ASHRAE_594,Female,52.0,Office,0.8,1.1,23.4,58.7,0.13,24.4,0.0,0.0,0.0
ASHRAE_595,Male,27.0,Office,0.56,1.1,23.6,58.5,0.13,24.4,-0.4,0.0,-0.4
ASHRAE_602,Female,32.0,Office,0.63,1.1,24.8,63.0,0.1,25.6,0.3,0.0,0.3
ASHRAE_605,Female,39.0,Office,0.71,1.1,25.9,61.9,0.12,26.4,0.6,0.0,0.6
ASHRAE_607,Male,28.0,Office,0.56,1.1,26.0,61.5,0.13,26.5,0.4,0.0,0.4
ASHRAE_608,Male,40.0,Office,0.56,1.1,26.0,60.7,0.11,26.5,0.5,0.0,0.5
ASHRAE_609,Female,23.0,Office,0.46,1.1,26.3,61.1,0.11,26.6,0.3,0.0,0.3
ASHRAE_611,Female,20.0,Office,0.55,1.1,26.5,59.8,0.12,27.0,0.6,0.0,0.6
ASHRAE_612,Female,20.0,Office,0.55,1.1,26.4,59.2,0.15,26.9,0.4,0.0,0.4
ASHRAE_613,Male,39.0,Office,0.45,1.1,26.2,59.1,0.11,27.0,0.3,0.0,0.3
ASHRAE_615,Female,37.0,Office,0.55,1.1,26.3,58.0,0.12,27.1,0.5,0.0,0.5
ASHRAE_616,Male,33.0,Office,0.65,1.1,26.3,59.0,0.15,27.0,0.6,0.0,0.6
ASHRAE_618,Male,25.0,Office,0.56,1.1,26.2,59.9,0.18,26.8,0.3,0.0,0.3
ASHRAE_624,Female,23.0,Office,0.47,1.1,25.8,58.4,0.15,26.3,0.1,0.0,0.1
ASHRAE_625,Female,19.0,Office,0.46,1.1,25.6,58.5,0.11,26.4,0.1,0.0,0.1
ASHRAE_629,Female,21.0,Office,0.58,1.1,25.9,57.5,0.13,26.7,0.4,0.0,0.4
ASHRAE_635,Female,22.0,Office,0.62,1.1,25.7,58.0,0.1,26.2,0.5,0.0,0.5
ASHRAE_636,Male,34.0,Office,0.56,1.1,24.4,59.6,0.13,25.3,-0.1,0.0,-0.1
ASHRAE_637,Female,31.0,Office,0.55,1.1,23.9,60.8,0.13,24.7,-0.3,0.0,-0.3
ASHRAE_639,Male,31.0,Office,0.56,1.1,24.9,60.2,0.12,25.4,0.1,0.0,0.1
ASHRAE_642,Male,38.0,Office,0.56,1.1,25.7,58.8,0.11,26.1,0.3,0.0,0.3
ASHRAE_644,Female,33.0,Office,0.79,1.1,25.7,58.5,0.11,26.2,0.7,0.0,0.7
ASHRAE_645,Male,57.0,Office,0.72,1.1,25.8,58.0,0.11,26.3,0.6,0.0,0.6
ASHRAE_646,Male,36.0,Office,0.56,1.1,25.4,58.7,0.11,26.0,0.3,0.0,0.3
ASHRAE_647,Female,40.0,Office,0.8,1.1,24.8,59.6,0.12,25.3,0.4,0.0,0.4
ASHRAE_653,Female,33.0,Office,0.26,1.1,25.3,59.1,0.13,25.7,-0.6,0.0,-0.6
ASHRAE_654,Male,53.0,Office,0.56,1.1,24.8,59.5,0.15,25.7,0.0,0.0,0.0
ASHRAE_655,Male,43.0,Office,0.51,1.1,24.5,59.9,0.13,25.2,-0.2,0.0,-0.2
ASHRAE_656,Female,32.0,Office,0.34,1.1,24.4,60.2,0.17,25.1,-0.8,0.0,-0.8
ASHRAE_658,Female,26.0,Office,0.31,1.1,24.8,59.3,0.13,25.3,-0.6,0.0,-0.6
ASHRAE_660,Male,30.0,Office,0.45,1.1,23.6,61.9,0.18,24.0,-0.9,0.0,-0.9
ASHRAE_664,Female,33.0,Office,0.62,1.1,23.0,60.2,0.18,23.7,-0.6,0.0,-0.6
ASHRAE_667,Male,35.0,Office,0.56,1.1,24.4,58.4,0.12,24.8,-0.1,0.0,-0.1
ASHRAE_668,Female,26.0,Office,0.41,1.1,24.4,58.4,0.13,25.1,-0.5,0.0,-0.5
ASHRAE_670,Female,28.0,Office,0.45,1.1,24.4,58.0,0.13,25.1,-0.4,0.0,-0.4
ASHRAE_671,Male,42.0,Office,0.45,1.1,24.5,58.4,0.11,25.1,-0.3,0.0,-0.3
ASHRAE_674,Male,42.0,Office,0.56,1.1,23.6,60.9,0.13,24.1,-0.4,0.0,-0.4
ASHRAE_675,Female,37.0,Office,0.63,1.1,23.1,60.6,0.12,24.2,-0.3,0.0,-0.3
ASHRAE_676,Male,28.0,Office,0.56,1.1,23.0,63.3,0.13,23.8,-0.5,0.0,-0.5
ASHRAE_678,Male,32.0,Office,0.56,1.1,23.9,61.6,0.12,24.6,-0.2,0.0,-0.2
ASHRAE_679,Male,29.0,Office,0.65,1.1,23.7,61.9,0.14,24.5,-0.2,0.0,-0.2
ASHRAE_683,Male,46.0,Office,0.65,1.1,23.1,62.8,0.14,23.6,-0.4,0.0,-0.4
ASHRAE_684,Male,36.0,Office,0.56,1.1,23.3,62.7,0.12,24.0,-0.4,0.0,-0.4
ASHRAE_687,Male,26.0,Office,0.56,1.1,23.2,63.3,0.15,23.9,-0.6,0.0,-0.6
ASHRAE_689,Female,22.0,Office,0.45,1.1,23.3,63.2,0.12,24.0,-0.7,0.0,-0.7
ASHRAE_693,Male,27.0,Office,0.56,1.1,23.9,62.8,0.13,24.6,-0.3,0.0,-0.3
ASHRAE_699,Male,37.0,Office,0.56,1.1,24.0,62.7,0.13,24.3,-0.3,0.0,-0.3
ASHRAE_703,Female,25.0,Office,0.54,1.1,24.1,62.4,0.12,24.9,-0.2,0.0,-0.2
ASHRAE_705,Male,31.0,Office,0.56,1.1,23.7,63.3,0.1,24.2,-0.2,0.0,-0.2
ASHRAE_707,Male,28.0,Office,0.45,1.1,24.2,62.9,0.1,24.8,-0.3,0.0,-0.3
ASHRAE_708,Male,32.0,Office,0.56,1.1,24.1,63.0,0.13,24.8,-0.2,0.0,-0.2
ASHRAE_713,Male,36.0,Office,0.56,1.1,24.1,63.5,0.11,24.5,-0.2,0.0,-0.2
ASHRAE_717,Male,27.0,Office,0.56,1.1,24.0,63.5,0.12,24.8,-0.2,0.0,-0.2
ASHRAE_718,Male,29.0,Office,0.65,1.1,24.3,62.9,0.11,25.2,0.1,0.0,0.1
ASHRAE_721,Female,28.0,Office,0.55,1.1,25.5,60.8,0.12,26.2,0.2,0.0,0.2
ASHRAE_722,Male,35.0,Office,0.56,1.1,24.9,61.4,0.13,25.8,0.1,0.0,0.1
ASHRAE_726,Male,28.0,Office,0.65,1.1,24.8,61.5,0.13,25.3,0.2,0.0,0.2
ASHRAE_728,Male,32.0,Office,0.65,1.1,25.4,60.6,0.09,25.8,0.4,0.0,0.4
ASHRAE_733,Male,33.0,Office,0.65,1.1,25.7,59.6,0.12,26.1,0.4,0.0,0.4
ASHRAE_736,Female,28.0,Office,0.46,1.1,25.3,59.8,0.12,25.7,0.0,0.0,0.0
ASHRAE_737,Male,37.0,Office,0.56,1.1,25.4,60.0,0.11,25.8,0.2,0.0,0.2
ASHRAE_744,Male,40.0,Office,0.65,1.1,25.7,58.7,0.12,26.1,0.4,0.0,0.4
ASHRAE_759,Female,30.0,Office,0.56,1.1,24.3,63.8,0.11,24.8,-0.1,0.0,-0.1
ASHRAE_760,Male,43.0,Office,0.72,1.1,24.5,63.7,0.1,25.0,0.3,0.0,0.3
ASHRAE_761,Male,31.0,Office,0.65,1.1,24.6,63.7,0.1,25.2,0.2,0.0,0.2
ASHRAE_764,Male,23.0,Office,0.65,1.1,24.2,63.7,0.1,25.3,0.2,0.0,0.2
ASHRAE_766,Male,19.0,Office,0.56,1.1,23.2,65.2,0.1,24.0,-0.4,0.0,-0.4
ASHRAE_769,Male,43.0,Office,0.56,1.1,23.3,66.5,0.1,23.9,-0.3,0.0,-0.3
ASHRAE_771,Male,47.0,Office,0.65,1.1,23.9,65.4,0.11,24.2,-0.1,0.0,-0.1
ASHRAE_772,Female,37.0,Office,0.41,1.1,24.0,63.5,0.1,24.6,-0.5,0.0,-0.5
ASHRAE_773,Male,37.0,Office,0.65,1.1,24.2,63.1,0.1,24.7,0.1,0.0,0.1
ASHRAE_777,Female,25.0,Office,0.56,1.1,24.0,63.3,0.1,24.8,-0.1,0.0,-0.1
ASHRAE_782,Male,23.0,Office,0.65,1.1,24.4,62.4,0.1,24.8,0.1,0.0,0.1
ASHRAE_784,Female,26.0,Office,0.46,1.1,24.5,62.7,0.1,24.9,-0.2,0.0,-0.2
ASHRAE_788,Female,28.0,Office,0.59,1.1,24.1,63.2,0.11,24.5,-0.1,0.0,-0.1
ASHRAE_789,Female,28.0,Office,0.51,1.1,23.7,63.7,0.1,24.2,-0.3,0.0,-0.3
ASHRAE_790,Male,25.0,Office,0.65,1.1,23.5,64.0,0.11,24.0,-0.2,0.0,-0.2
ASHRAE_792,Female,23.0,Office,0.4,1.1,23.7,64.2,0.09,24.1,-0.6,0.0,-0.6
ASHRAE_795,Male,49.0,Office,0.65,1.1,23.2,65.1,0.09,23.7,-0.2,0.0,-0.2
ASHRAE_799,Male,32.0,Office,0.65,1.1,24.5,63.2,0.11,25.1,0.2,0.0,0.2
ASHRAE_801,Male,36.0,Office,1.24,1.1,24.1,63.4,0.1,24.5,0.8,0.0,0.8
ASHRAE_802,Female,26.0,Office,0.48,1.1,26.1,61.1,0.13,26.5,0.3,0.0,0.3
ASHRAE_805,Male,23.0,Office,0.56,1.1,26.5,65.8,0.12,27.1,0.6,0.0,0.6
ASHRAE_809,Female,28.0,Office,0.57,1.1,26.8,58.7,0.11,27.1,0.7,0.0,0.7
ASHRAE_812,Female,30.0,Office,0.41,1.1,26.0,58.2,0.13,26.7,0.1,0.0,0.1
ASHRAE_813,Male,31.0,Office,0.56,1.1,25.9,58.6,0.13,26.4,0.3,0.0,0.3
ASHRAE_816,Female,40.0,Office,0.38,1.1,24.6,60.3,0.14,25.1,-0.5,0.0,-0.5
ASHRAE_821,Male,23.0,Office,0.56,1.1,25.6,59.7,0.11,26.0,0.3,0.0,0.3
ASHRAE_826,Male,39.0,Office,0.65,1.1,26.0,59.4,0.13,26.7,0.5,0.0,0.5
ASHRAE_831,Female,27.0,Office,0.57,1.1,25.3,59.4,0.12,25.6,0.2,0.0,0.2
ASHRAE_832,Male,27.0,Office,0.56,1.1,25.4,59.0,0.13,26.1,0.2,0.0,0.2
ASHRAE_833,Female,28.0,Office,0.47,1.1,25.4,59.1,0.13,26.2,0.0,0.0,0.0
ASHRAE_837,Female,37.0,Office,0.41,1.1,25.6,57.0,0.13,25.8,-0.1,0.0,-0.1
ASHRAE_839,Female,39.0,Office,0.38,1.1,25.5,57.0,0.14,26.0,-0.2,0.0,-0.2
ASHRAE_842,Male,50.0,Office,0.65,1.1,24.9,57.9,0.12,25.3,0.2,0.0,0.2
ASHRAE_844,Male,39.0,Office,0.65,1.1,25.0,59.7,0.11,25.8,0.3,0.0,0.3
ASHRAE_846,Female,32.0,Office,0.56,1.1,24.8,57.3,0.12,25.0,-0.1,0.0,-0.1
ASHRAE_848,Male,32.0,Office,0.65,1.1,24.9,56.7,0.12,25.1,0.1,0.0,0.1
ASHRAE_851,Female,24.0,Office,0.41,1.1,24.3,57.4,0.13,24.8,-0.5,0.0,-0.5
ASHRAE_853,Male,25.0,Office,0.56,1.1,24.5,57.1,0.12,25.4,-0.1,0.0,-0.1
ASHRAE_855,Female,27.0,Office,0.41,1.1,24.7,57.3,0.15,25.0,-0.5,0.0,-0.5
ASHRAE_971,Female,35.0,Office,0.5,1.2,23.1,39.2,0.13,22.6,-0.7,0.0,-0.7
ASHRAE_973,Female,39.0,Office,0.5,1.5,23.1,38.9,0.09,22.5,0.0,0.0,0.0
ASHRAE_978,Male,38.0,Office,0.5,1.5,24.7,33.0,0.09,24.0,0.3,0.0,0.3
ASHRAE_983,Male,43.0,Office,0.7,1.6,23.6,35.4,0.09,23.0,0.5,0.0,0.5
ASHRAE_987,Male,42.0,Office,0.5,1.2,22.9,36.7,0.13,22.6,-0.8,0.0,-0.8
ASHRAE_989,Male,57.0,Office,0.4,1.0,22.8,44.5,0.13,23.0,-1.7,0.0,-1.7
ASHRAE_993,Male,47.0,Office,0.4,1.3,23.5,41.6,0.09,22.7,-0.5,0.0,-0.5
ASHRAE_994,Male,43.0,Office,0.6,1.2,22.9,43.6,0.12,22.8,-0.4,0.0,-0.4
ASHRAE_997,Female,37.0,Office,0.3,1.2,24.3,40.1,0.07,23.9,-0.7,0.0,-0.7
ASHRAE_1001,Male,29.0,Office,0.6,1.1,22.5,43.1,0.12,22.0,-0.9,0.0,-0.9
ASHRAE_1015,Male,37.0,Office,0.7,1.2,23.3,30.2,0.15,23.0,-0.3,0.0,-0.3
ASHRAE_1016,Female,35.0,Office,0.5,1.4,22.9,17.9,0.11,22.1,-0.4,0.0,-0.4
ASHRAE_1021,Female,40.0,Office,0.8,1.2,22.5,16.6,0.12,22.6,-0.3,0.0,-0.3
ASHRAE_1022,Female,37.0,Office,1.1,1.5,22.5,10.9,0.1,21.9,0.4,0.0,0.4
ASHRAE_1023,Male,54.0,Office,0.8,1.5,22.6,11.3,0.13,22.0,0.1,0.0,0.1
ASHRAE_1025,Male,44.0,Office,0.7,1.2,22.2,11.2,0.11,22.1,-0.6,0.0,-0.6
ASHRAE_1028,Male,42.0,Office,0.7,1.1,22.5,11.3,0.12,22.0,-0.9,0.0,-0.9
ASHRAE_1030,Male,50.0,Office,0.8,1.1,21.9,14.1,0.16,22.1,-0.8,0.0,-0.8
ASHRAE_1031,Male,40.0,Office,0.9,1.3,22.9,23.9,0.08,22.7,0.2,0.0,0.2
ASHRAE_1033,Male,47.0,Office,0.7,1.2,23.9,27.9,0.09,22.8,-0.1,0.0,-0.1
ASHRAE_1034,Male,44.0,Office,0.8,1.2,23.4,10.6,0.11,22.9,-0.2,0.0,-0.2
ASHRAE_1047,Male,41.0,Office,1.2,1.0,22.7,10.7,0.11,22.6,-0.2,0.0,-0.2
ASHRAE_1049,Female,43.0,Office,0.7,1.1,23.0,10.9,0.08,22.8,-0.6,0.0,-0.6
ASHRAE_1050,Male,31.0,Office,0.68,1.5,23.2,58.3,0.15,24.8,0.4,0.0,0.4
ASHRAE_1052,Female,24.0,Office,0.68,1.1,24.6,48.1,0.11,24.2,-0.1,0.0,-0.1
ASHRAE_1057,Male,31.0,Office,0.52,1.1,24.0,51.2,0.12,24.4,-0.4,0.0,-0.4
ASHRAE_1058,Female,24.0,Office,0.6,1.1,24.7,48.2,0.08,27.2,0.4,0.0,0.4
ASHRAE_1059,Male,38.0,Office,0.62,1.3,23.5,50.0,0.1,24.7,0.2,0.0,0.2
ASHRAE_1060,Female,24.0,Office,0.55,1.1,23.7,48.9,0.12,25.2,-0.3,0.0,-0.3
ASHRAE_1061,Male,24.0,Office,0.77,1.1,23.5,50.6,0.13,23.7,-0.1,0.0,-0.1
ASHRAE_1063,Male,31.0,Office,0.67,1.1,24.6,48.1,0.1,24.2,0.0,0.0,0.0
ASHRAE_1072,Male,31.0,Office,0.77,1.5,24.1,50.6,0.1,25.5,0.8,0.0,0.8
ASHRAE_1075,Male,45.0,Office,0.62,1.1,23.6,52.7,0.2,24.4,-0.6,0.0,-0.6
ASHRAE_1085,Male,24.0,Office,0.84,1.1,23.2,55.6,0.12,27.3,0.5,0.0,0.5
ASHRAE_1090,Female,24.0,Office,0.51,1.1,24.0,51.8,0.09,24.6,-0.4,0.0,-0.4
ASHRAE_1097,Male,52.0,Office,0.74,1.1,24.0,51.8,0.18,26.2,0.0,0.0,0.0
ASHRAE_1122,Male,24.0,Office,0.75,1.4,23.5,47.4,0.09,23.3,0.3,0.0,0.3
ASHRAE_1124,Female,18.0,Office,0.42,1.1,23.8,52.9,0.16,24.5,-0.7,0.0,-0.7
ASHRAE_1125,Male,52.0,Office,0.74,1.1,23.2,54.2,0.2,24.0,-0.2,0.0,-0.2
ASHRAE_1127,Female,38.0,Office,0.6,1.1,23.8,52.9,0.06,24.5,-0.2,0.0,-0.2
ASHRAE_1128,Female,24.0,Office,0.39,1.3,22.4,53.4,0.16,24.1,-0.7,0.0,-0.7
ASHRAE_1133,Female,18.0,Office,0.4,1.5,23.5,53.2,0.16,24.5,0.0,0.0,0.0
ASHRAE_1134,Male,31.0,Office,0.46,1.4,23.4,55.1,0.08,23.6,-0.1,0.0,-0.1
ASHRAE_1136,Female,24.0,Office,0.67,1.4,23.7,45.1,0.13,24.8,0.4,0.0,0.4
ASHRAE_1138,Male,31.0,Office,0.58,1.4,22.0,51.5,0.33,24.2,-0.5,0.0,-0.5
ASHRAE_1139,Male,60.0,Office,0.64,1.1,23.5,53.2,0.06,23.9,-0.2,0.0,-0.2
ASHRAE_1142,Male,24.0,Office,0.64,1.5,23.5,53.2,0.14,22.8,0.3,0.0,0.3
ASHRAE_1144,Female,24.0,Office,0.51,1.1,23.9,51.7,0.11,23.9,-0.5,0.0,-0.5
ASHRAE_1155,Female,24.0,Office,0.57,1.3,23.4,51.1,0.11,23.4,-0.1,0.0,-0.1
ASHRAE_1157,Male,31.0,Office,0.63,1.2,22.8,52.5,0.11,24.7,-0.1,0.0,-0.1
ASHRAE_1161,Male,24.0,Office,0.68,1.2,23.0,49.4,0.15,23.0,-0.4,0.0,-0.4
ASHRAE_1162,Male,38.0,Office,0.48,1.6,23.0,49.4,0.21,23.3,-0.1,0.0,-0.1
ASHRAE_1163,Male,24.0,Office,0.64,1.2,23.1,50.8,0.08,24.4,0.0,0.0,0.0
ASHRAE_1165,Male,38.0,Office,0.53,1.3,23.7,50.8,0.07,24.4,0.1,0.0,0.1
ASHRAE_1166,Male,24.0,Office,0.77,1.2,23.1,50.8,0.08,24.4,0.2,0.0,0.2
ASHRAE_1167,Male,38.0,Office,0.77,1.3,23.4,52.5,0.66,26.4,-0.1,0.0,-0.1
ASHRAE_1172,Male,60.0,Office,0.61,1.3,23.1,50.8,0.08,24.4,0.1,0.0,0.1
ASHRAE_1173,Male,45.0,Office,0.62,1.4,24.0,51.8,0.15,24.2,0.3,0.0,0.3
ASHRAE_1176,Male,31.0,Office,0.69,1.4,24.0,51.8,0.15,24.5,0.4,0.0,0.4
ASHRAE_1182,Male,18.0,Office,0.51,1.2,24.5,44.9,0.08,25.7,0.1,0.0,0.1
ASHRAE_1183,Male,24.0,Office,0.66,1.1,24.5,44.9,0.08,25.7,0.1,0.0,0.1
ASHRAE_1187,Female,24.0,Office,0.56,1.1,24.5,44.9,0.08,25.7,0.1,0.0,0.1
ASHRAE_1188,Female,18.0,Office,0.4,1.1,24.5,44.9,0.08,25.7,-0.5,0.0,-0.5
ASHRAE_1194,Male,24.0,Office,0.75,1.8,24.3,45.9,0.06,25.4,1.1,0.0,1.1
ASHRAE_1199,Female,24.0,Office,0.53,1.1,23.7,51.5,0.02,23.7,-0.4,0.0,-0.4
ASHRAE_1202,Female,31.0,Office,0.68,1.1,22.3,54.6,0.18,23.0,-0.8,0.0,-0.8
ASHRAE_1204,Female,18.0,Office,0.27,1.3,22.3,54.6,0.18,24.5,-1.1,0.0,-1.1
ASHRAE_1208,Male,24.0,Office,0.67,1.1,24.1,50.0,0.27,23.5,-0.4,0.0,-0.4
ASHRAE_1209,Female,38.0,Office,0.47,1.1,24.1,50.0,0.27,23.5,-1.2,0.0,-1.2
ASHRAE_1213,Female,31.0,Office,0.39,1.3,24.7,59.0,0.07,25.4,0.2,0.0,0.2
ASHRAE_1215,Male,31.0,Office,0.52,1.5,24.3,62.7,0.04,24.1,0.4,0.0,0.4
ASHRAE_1220,Female,18.0,Office,0.43,1.1,24.4,61.4,0.08,24.4,-0.3,0.0,-0.3
ASHRAE_1223,Male,24.0,Office,0.57,1.3,23.8,59.5,0.12,23.8,0.0,0.0,0.0
ASHRAE_1236,Male,24.0,Office,0.64,1.1,23.6,58.7,0.07,24.0,-0.2,0.0,-0.2
ASHRAE_1240,Male,38.0,Office,0.53,1.2,23.4,57.8,0.08,24.9,-0.1,0.0,-0.1
ASHRAE_1242,Male,24.0,Office,0.74,1.3,23.7,53.4,0.08,24.5,0.4,0.0,0.4
ASHRAE_1252,Male,31.0,Office,0.69,1.1,24.4,52.9,0.17,24.4,-0.1,0.0,-0.1
ASHRAE_1256,Male,60.0,Office,0.62,1.1,24.4,52.9,0.17,24.4,-0.2,0.0,-0.2
ASHRAE_1257,Male,38.0,Office,0.58,1.1,23.5,57.9,0.15,24.9,-0.5,0.0,-0.5
ASHRAE_1258,Female,38.0,Office,0.47,1.1,23.5,57.9,0.15,24.9,-0.5,0.0,-0.5
ASHRAE_1260,Male,24.0,Office,0.67,1.1,23.5,57.9,0.12,24.8,-0.1,0.0,-0.1
ASHRAE_1263,Female,31.0,Office,0.51,1.2,24.6,50.6,0.23,25.1,-0.3,0.0,-0.3
ASHRAE_1264,Male,24.0,Office,0.53,1.3,24.6,50.6,0.23,25.1,0.1,0.0,0.1
ASHRAE_1275,Female,18.0,Office,0.48,1.1,25.7,53.6,0.24,24.3,-0.6,0.0,-0.6
ASHRAE_1287,Male,38.0,Office,0.64,1.3,24.5,59.5,0.12,24.7,0.4,0.0,0.4
ASHRAE_1288,Male,24.0,Office,0.32,1.1,26.1,53.4,0.02,26.5,0.0,0.0,0.0
ASHRAE_1289,Female,31.0,Office,0.26,1.2,26.1,53.4,0.09,26.1,0.1,0.0,0.1
ASHRAE_1292,Female,24.0,Office,0.45,1.4,25.4,44.8,0.19,24.4,0.1,0.0,0.1
ASHRAE_1294,Female,38.0,Office,0.42,1.1,25.4,45.4,0.19,25.4,-0.5,0.0,-0.5
ASHRAE_1296,Female,24.0,Office,0.47,1.4,25.4,44.8,0.15,25.4,0.4,0.0,0.4
ASHRAE_1297,Female,18.0,Office,0.4,1.2,25.4,44.8,0.19,25.4,-0.4,0.0,-0.4
ASHRAE_1309,Male,31.0,Office,0.78,1.1,25.2,47.5,0.14,27.0,0.5,0.0,0.5
ASHRAE_1324,Male,24.0,Office,0.44,1.2,25.4,44.8,0.36,25.4,-0.6,0.0,-0.6
ASHRAE_1327,Female,99.0,Office,0.57,1.3,23.3,57.7,0.1,24.3,0.1,0.0,0.1
ASHRAE_1328,Male,31.0,Office,0.44,1.2,22.5,59.0,0.23,22.0,-1.3,0.0,-1.3
ASHRAE_1333,Female,18.0,Office,0.65,1.2,22.9,62.2,0.09,22.9,-0.1,0.0,-0.1
ASHRAE_1348,Female,24.0,Office,0.59,1.1,23.2,58.3,0.11,24.5,-0.4,0.0,-0.4
ASHRAE_1366,Female,31.0,Office,0.56,1.1,24.5,53.0,0.15,24.5,-0.2,0.0,-0.2
ASHRAE_1368,Female,24.0,Office,0.38,1.3,23.2,57.6,0.07,23.8,-0.4,0.0,-0.4
ASHRAE_1370,Female,38.0,Office,0.43,1.1,23.2,57.6,0.07,23.8,-0.7,0.0,-0.7
ASHRAE_1371,Female,38.0,Office,0.27,1.1,24.3,56.7,0.06,24.1,-1.1,0.0,-1.1
ASHRAE_1378,Male,24.0,Office,0.64,1.1,23.9,59.6,0.14,23.9,-0.4,0.0,-0.4
ASHRAE_1386,Female,24.0,Office,0.51,1.2,23.7,55.4,0.15,23.5,-0.4,0.0,-0.4
ASHRAE_1396,Male,24.0,Office,0.41,1.1,23.0,52.7,0.04,22.8,-1.1,0.0,-1.1
ASHRAE_1397,Male,38.0,Office,0.69,1.1,22.8,61.4,0.04,22.6,-0.3,0.0,-0.3
ASHRAE_1400,Female,38.0,Office,0.59,1.1,24.0,49.9,0.14,25.4,-0.2,0.0,-0.2
ASHRAE_1403,Female,38.0,Office,0.45,1.1,24.0,49.9,0.14,25.4,-0.4,0.0,-0.4
ASHRAE_1405,Female,24.0,Office,0.51,1.1,23.0,54.7,0.09,24.0,-0.7,0.0,-0.7
ASHRAE_1409,Male,31.0,Office,0.54,1.1,23.0,50.7,0.07,23.7,-0.6,0.0,-0.6
ASHRAE_1414,Male,24.0,Office,0.67,1.1,24.4,53.5,0.08,24.6,0.2,0.0,0.2
ASHRAE_1420,Female,24.0,Office,0.56,1.3,24.7,53.2,0.2,24.7,0.0,0.0,0.0
ASHRAE_1421,Male,24.0,Office,0.63,1.1,21.6,52.4,0.15,22.1,-1.0,0.0,-1.0
ASHRAE_1423,Male,38.0,Office,0.54,1.1,21.6,52.4,0.15,22.1,-1.2,0.0,-1.2
ASHRAE_1426,Male,31.0,Office,0.64,1.1,21.6,52.4,0.15,22.1,-1.0,0.0,-1.0
ASHRAE_1444,Male,38.0,Office,0.58,1.1,23.2,56.9,0.15,23.4,-0.5,0.0,-0.5
ASHRAE_1445,Male,24.0,Office,0.67,1.3,23.2,56.9,0.15,23.4,0.0,0.0,0.0
ASHRAE_1453,Female,24.0,Office,0.61,1.3,23.6,52.7,0.09,23.6,0.1,0.0,0.1
ASHRAE_1456,Female,18.0,Office,0.39,1.1,23.2,58.3,0.15,23.9,-1.2,0.0,-1.2
ASHRAE_1462,Female,18.0,Office,0.37,1.3,23.7,45.7,0.15,24.9,-0.4,0.0,-0.4
ASHRAE_1465,Female,18.0,Office,0.55,1.1,24.3,47.7,0.12,24.1,-0.5,0.0,-0.5
ASHRAE_1467,Male,31.0,Office,0.8,1.2,24.7,48.8,0.11,24.7,0.4,0.0,0.4
ASHRAE_1470,Male,38.0,Office,0.59,1.2,25.1,43.8,0.26,25.4,0.0,0.0,0.0
ASHRAE_1472,Male,24.0,Office,0.54,1.1,23.4,52.5,0.12,25.1,-0.4,0.0,-0.4
ASHRAE_1477,Male,38.0,Office,0.58,1.1,23.0,58.1,0.08,23.2,-0.4,0.0,-0.4
ASHRAE_1478,Female,45.0,Office,0.59,1.1,23.0,58.1,0.09,23.2,-0.4,0.0,-0.4
ASHRAE_1486,Female,24.0,Office,0.55,1.1,24.5,54.9,0.25,25.1,-0.5,0.0,-0.5
ASHRAE_1488,Male,38.0,Office,0.53,1.1,24.5,54.9,0.25,25.3,-0.6,0.0,-0.6
ASHRAE_1494,Female,24.0,Office,0.66,1.2,23.4,59.2,0.29,22.5,-0.6,0.0,-0.6
ASHRAE_1499,Male,24.0,Office,0.69,1.1,23.2,58.3,0.11,23.2,-0.2,0.0,-0.2
ASHRAE_1502,Male,38.0,Office,0.64,1.1,23.4,49.8,0.06,23.4,-0.4,0.0,-0.4
ASHRAE_1526,Male,38.0,Office,0.48,1.1,25.2,43.3,0.2,24.4,-0.7,0.0,-0.7
ASHRAE_1536,Female,38.0,Office,0.26,1.1,23.5,47.4,0.1,23.5,-1.5,0.0,-1.5
ASHRAE_1539,Female,24.0,Office,0.39,1.1,23.5,47.4,0.1,23.5,-1.1,0.0,-1.1
ASHRAE_1540,Female,18.0,Office,0.39,1.2,23.5,47.4,0.1,23.5,-0.6,0.0,-0.6
ASHRAE_1568,Male,38.0,Office,0.58,1.3,24.7,59.7,0.21,22.9,-0.1,0.0,-0.1
ASHRAE_1570,Male,31.0,Office,0.53,1.3,24.7,59.7,0.21,25.2,0.1,0.0,0.1
ASHRAE_1581,Female,31.0,Office,0.53,1.1,23.5,65.5,0.08,22.9,-0.6,0.0,-0.6
ASHRAE_1582,Female,24.0,Office,0.51,1.1,23.5,65.5,0.08,22.9,-0.6,0.0,-0.6
ASHRAE_1586,Male,52.0,Office,0.7,1.1,25.1,51.1,0.24,25.1,-0.1,0.0,-0.1
ASHRAE_1589,Male,31.0,Office,0.43,1.2,25.1,51.1,0.24,25.1,-0.4,0.0,-0.4
ASHRAE_1593,Female,31.0,Office,0.5,1.2,23.6,56.0,0.18,23.8,-0.5,0.0,-0.5
ASHRAE_1595,Male,31.0,Office,0.62,1.1,24.1,51.3,0.25,23.8,-0.5,0.0,-0.5
ASHRAE_1604,Male,31.0,Office,0.44,1.1,22.4,50.6,0.06,22.8,-1.0,0.0,-1.0
ASHRAE_1608,Female,99.0,Office,0.57,1.4,23.5,48.7,0.12,23.5,0.1,0.0,0.1
ASHRAE_1610,Male,38.0,Office,0.58,1.1,24.4,54.2,0.21,23.9,-0.6,0.0,-0.6
ASHRAE_1612,Female,31.0,Office,0.28,1.3,24.5,51.7,0.13,24.1,-0.4,0.0,-0.4
ASHRAE_1635,Male,31.0,Office,0.65,1.1,24.9,40.0,0.05,24.2,-0.1,0.0,-0.1
ASHRAE_1640,Female,18.0,Office,0.58,1.2,23.5,40.5,0.04,24.1,-0.1,0.0,-0.1
ASHRAE_1641,Male,24.0,Office,0.55,1.3,22.5,43.5,0.03,22.5,-0.3,0.0,-0.3
ASHRAE_1646,Female,31.0,Office,0.3,1.2,23.7,36.5,0.08,22.7,-1.1,0.0,-1.1
ASHRAE_1655,Female,18.0,Office,0.51,1.1,22.2,42.5,0.03,23.4,-0.9,0.0,-0.9
ASHRAE_1656,Male,24.0,Office,0.74,1.1,19.9,46.7,0.06,20.1,-1.1,0.0,-1.1
ASHRAE_1657,Male,31.0,Office,0.74,1.1,22.1,40.4,0.02,21.5,-0.7,0.0,-0.7
ASHRAE_1669,Female,31.0,Office,0.48,1.2,24.4,38.7,0.03,25.0,0.0,0.0,0.0
ASHRAE_1685,Female,31.0,Office,0.48,1.1,22.2,47.7,0.05,22.2,-1.2,0.0,-1.2
ASHRAE_1711,Female,24.0,Office,0.51,1.1,21.8,59.0,0.02,23.2,-0.9,0.0,-0.9
ASHRAE_1721,Female,18.0,Office,0.47,1.1,23.3,54.3,0.06,24.2,-0.6,0.0,-0.6
ASHRAE_1723,Female,24.0,Office,0.42,1.1,24.4,31.8,0.01,23.9,-0.7,0.0,-0.7
ASHRAE_1728,Male,31.0,Office,0.55,1.2,23.9,56.3,0.06,24.3,0.1,0.0,0.1
ASHRAE_1734,Female,24.0,Office,0.47,1.2,24.6,51.2,0.02,24.5,0.0,0.0,0.0
ASHRAE_1735,Male,38.0,Office,0.59,1.2,23.3,44.6,0.01,23.6,-0.1,0.0,-0.1
ASHRAE_1746,Female,18.0,Office,0.65,1.2,21.1,47.7,0.04,22.9,-0.4,0.0,-0.4
ASHRAE_1761,Male,38.0,Office,0.55,1.1,25.2,38.1,0.04,25.2,0.0,0.0,0.0
ASHRAE_1763,Male,31.0,Office,0.52,1.1,25.3,38.2,0.01,25.7,0.0,0.0,0.0
ASHRAE_1769,Male,31.0,Office,0.5,1.1,21.8,48.6,1.25,22.4,-2.9,0.0,-2.9
ASHRAE_1783,Female,38.0,Office,0.47,1.1,24.9,42.4,0.07,24.7,-0.2,0.0,-0.2
ASHRAE_1789,Female,24.0,Office,0.49,1.1,23.0,53.3,0.05,22.5,-0.9,0.0,-0.9
ASHRAE_1795,Male,24.0,Office,0.6,1.2,22.1,44.3,0.1,22.7,-0.5,0.0,-0.5
ASHRAE_1797,Female,38.0,Office,0.47,1.1,23.5,43.0,0.09,23.5,-0.7,0.0,-0.7
ASHRAE_1809,Male,24.0,Office,0.67,1.1,23.7,43.2,0.04,23.7,-0.2,0.0,-0.2
ASHRAE_1810,Female,31.0,Office,0.47,1.1,23.5,42.3,0.01,23.8,-0.7,0.0,-0.7
ASHRAE_1813,Female,38.0,Office,0.39,1.5,24.6,39.0,0.01,24.1,0.1,0.0,0.1
ASHRAE_1814,Male,18.0,Office,0.65,1.4,21.9,62.0,0.1,22.9,0.0,0.0,0.0
ASHRAE_1815,Female,24.0,Office,0.46,1.2,24.6,39.0,0.02,24.0,-0.2,0.0,-0.2
ASHRAE_1845,Female,31.0,Office,0.55,1.2,23.1,48.2,0.01,22.5,-0.5,0.0,-0.5
ASHRAE_1850,Female,31.0,Office,0.48,1.1,24.2,47.0,0.01,24.0,-0.5,0.0,-0.5
ASHRAE_1864,Female,24.0,Office,0.44,1.2,24.1,51.9,0.14,23.9,-0.6,0.0,-0.6
ASHRAE_1871,Female,38.0,Office,0.46,1.3,23.2,62.4,0.01,23.1,-0.1,0.0,-0.1
ASHRAE_1883,Male,24.0,Office,0.89,1.1,24.4,56.1,0.07,25.3,0.5,0.0,0.5
ASHRAE_1887,Female,31.0,Office,0.42,1.1,24.8,52.7,0.03,25.1,-0.3,0.0,-0.3
ASHRAE_1899,Female,38.0,Office,0.47,1.2,24.5,46.7,0.14,24.7,-0.3,0.0,-0.3
ASHRAE_1903,Female,38.0,Office,0.39,1.4,26.4,43.1,0.01,24.9,0.4,0.0,0.4
ASHRAE_1906,Female,24.0,Office,0.27,1.1,25.5,44.3,0.01,25.8,-0.5,0.0,-0.5
ASHRAE_1911,Male,24.0,Office,0.5,1.4,26.0,43.2,0.01,25.9,0.6,0.0,0.6
ASHRAE_1913,Female,31.0,Office,0.23,1.3,22.3,51.9,0.12,23.0,-1.1,0.0,-1.1
ASHRAE_1921,Female,18.0,Office,0.47,1.1,22.6,47.6,0.03,24.1,-0.8,0.0,-0.8
ASHRAE_1928,Female,31.0,Office,0.7,1.2,23.3,53.7,0.08,23.5,0.0,0.0,0.0
ASHRAE_1932,Male,24.0,Office,0.5,1.1,23.9,38.6,0.01,23.9,-0.6,0.0,-0.6
ASHRAE_1934,Female,31.0,Office,0.39,1.1,21.5,58.0,0.02,21.1,-1.6,0.0,-1.6
ASHRAE_1935,Male,99.0,Office,0.68,1.1,21.6,56.7,0.01,22.1,-0.7,0.0,-0.7
ASHRAE_1936,Male,38.0,Office,0.65,1.1,21.6,57.4,0.06,22.0,-0.8,0.0,-0.8
ASHRAE_1940,Male,24.0,Office,0.67,1.3,23.6,52.7,0.06,25.9,0.5,0.0,0.5
ASHRAE_1942,Male,24.0,Office,0.58,1.1,24.5,50.5,0.06,26.6,0.3,0.0,0.3
ASHRAE_1950,Female,18.0,Office,0.71,1.1,21.4,51.5,0.01,21.4,-0.8,0.0,-0.8
ASHRAE_1966,Female,24.0,Office,0.4,1.3,25.5,39.1,0.18,27.7,0.3,0.0,0.3
ASHRAE_1968,Female,24.0,Office,0.47,1.1,23.1,45.6,0.03,23.1,-0.9,0.0,-0.9
ASHRAE_1971,Female,24.0,Office,0.5,1.1,23.5,45.5,0.01,23.5,-0.7,0.0,-0.7
ASHRAE_1972,Female,18.0,Office,0.72,1.3,23.1,45.6,0.05,22.9,0.1,0.0,0.1
ASHRAE_1978,Female,38.0,Office,0.68,1.1,22.4,44.7,0.02,22.4,-0.6,0.0,-0.6
ASHRAE_1994,Male,38.0,Office,0.5,1.3,22.3,39.4,0.06,22.3,-0.6,0.0,-0.6
ASHRAE_2001,Male,31.0,Office,0.6,1.2,24.2,37.9,0.04,25.8,0.2,0.0,0.2
ASHRAE_2002,Female,31.0,Office,0.59,1.2,22.1,40.4,0.01,22.1,-0.6,0.0,-0.6
ASHRAE_2006,Female,31.0,Office,0.44,1.1,24.2,36.7,0.01,26.5,-0.3,0.0,-0.3
ASHRAE_2007,Female,31.0,Office,0.82,1.2,23.4,46.0,0.14,22.7,0.0,0.0,0.0
ASHRAE_2019,Male,31.0,Office,0.55,1.5,23.1,43.1,0.02,24.6,0.3,0.0,0.3
ASHRAE_2021,Female,38.0,Office,0.47,1.2,22.9,42.8,0.04,23.1,-0.7,0.0,-0.7
ASHRAE_2026,Female,31.0,Office,0.44,1.1,20.4,65.1,0.02,20.4,-1.7,0.0,-1.7
ASHRAE_2027,Female,24.0,Office,0.36,1.2,24.9,39.4,0.08,25.5,-0.3,0.0,-0.3
ASHRAE_2033,Female,31.0,Office,0.68,1.1,21.7,56.8,0.03,21.7,-0.7,0.0,-0.7
ASHRAE_2038,Male,24.0,Office,0.68,1.1,24.1,51.3,0.01,25.4,0.1,0.0,0.1
ASHRAE_2049,Female,24.0,Office,0.28,1.1,24.7,51.9,0.01,24.7,-0.8,0.0,-0.8
ASHRAE_2052,Female,24.0,Office,0.36,1.2,24.6,49.9,0.01,24.6,-0.3,0.0,-0.3
ASHRAE_2056,Female,18.0,Office,0.28,1.1,24.6,49.3,0.02,24.6,-0.8,0.0,-0.8
ASHRAE_2058,Female,31.0,Office,0.51,1.1,25.0,49.1,0.08,25.0,-0.1,0.0,-0.1
ASHRAE_2080,Female,24.0,Office,0.48,1.1,24.6,54.4,0.0,24.6,-0.3,0.0,-0.3
ASHRAE_2085,Male,38.0,Office,0.81,1.1,21.5,55.8,0.01,21.5,-0.4,0.0,-0.4
ASHRAE_2090,Male,24.0,Office,0.65,1.1,24.6,44.4,0.06,25.1,0.1,0.0,0.1
ASHRAE_2092,Male,24.0,Office,0.44,1.4,25.1,56.2,0.01,25.1,0.4,0.0,0.4
ASHRAE_2094,Male,24.0,Office,0.5,1.1,23.2,41.3,0.01,23.2,-0.8,0.0,-0.8
ASHRAE_2099,Female,31.0,Office,0.48,1.1,25.7,49.3,0.04,25.7,0.1,0.0,0.1
ASHRAE_2102,Female,52.0,Office,0.51,1.1,24.2,44.5,0.13,25.1,-0.5,0.0,-0.5
ASHRAE_2120,Male,31.0,Office,0.47,1.2,22.9,59.4,0.11,22.7,-0.7,0.0,-0.7
ASHRAE_2126,Male,38.0,Office,0.61,1.5,25.7,55.5,0.18,26.0,0.7,0.0,0.7
ASHRAE_2133,Female,31.0,Office,0.31,1.2,22.9,70.8,0.06,22.9,-1.0,0.0,-1.0
ASHRAE_2141,Male,31.0,Office,0.47,1.1,22.4,56.1,0.02,22.3,-1.2,0.0,-1.2
ASHRAE_2143,Female,24.0,Office,0.64,1.1,21.6,57.4,0.1,22.0,-0.7,0.0,-0.7
ASHRAE_2156,Female,24.0,Office,0.58,1.1,22.6,60.5,0.08,21.5,-0.7,0.0,-0.7
ASHRAE_2164,Female,31.0,Office,0.4,1.3,21.8,56.9,0.19,21.8,-1.0,0.0,-1.0
ASHRAE_2166,Male,38.0,Office,0.48,1.2,24.1,46.9,0.05,25.8,-0.1,0.0,-0.1
ASHRAE_2167,Male,52.0,Office,0.57,1.1,21.4,52.9,0.14,23.0,-0.9,0.0,-0.9
ASHRAE_2168,Female,52.0,Office,0.8,1.1,21.3,53.5,0.07,22.8,-0.5,0.0,-0.5
ASHRAE_2172,Male,38.0,Office,0.47,1.3,23.1,58.9,0.06,23.3,-0.3,0.0,-0.3
ASHRAE_2179,Female,24.0,Office,0.48,1.3,24.9,52.8,0.4,25.9,-0.2,0.0,-0.2
ASHRAE_2183,Male,45.0,Office,0.47,1.3,23.2,60.4,0.02,23.3,-0.2,0.0,-0.2
ASHRAE_2187,Male,60.0,Office,0.47,1.2,23.1,61.0,0.09,23.1,-0.4,0.0,-0.4
ASHRAE_2190,Female,24.0,Office,0.42,1.2,20.1,66.4,0.08,22.6,-1.3,0.0,-1.3
ASHRAE_2197,Female,24.0,Office,0.53,1.1,22.5,48.8,0.05,22.8,-0.7,0.0,-0.7
ASHRAE_2205,Male,60.0,Office,0.47,1.3,23.5,46.1,0.1,24.3,-0.2,0.0,-0.2
ASHRAE_2206,Female,24.0,Office,0.31,1.1,24.1,45.0,0.09,27.7,-0.4,0.0,-0.4
ASHRAE_2210,Female,18.0,Office,0.31,1.1,24.0,43.0,0.1,24.0,-1.2,0.0,-1.2
ASHRAE_2223,Female,31.0,Office,0.51,1.1,23.8,51.6,0.12,24.0,-0.5,0.0,-0.5
ASHRAE_2233,Female,52.0,Office,0.51,1.1,23.5,46.7,0.11,23.5,-0.7,0.0,-0.7
ASHRAE_2236,Male,31.0,Office,0.51,1.1,22.2,61.5,0.16,24.4,-1.0,0.0,-1.0
ASHRAE_2237,Male,52.0,Office,0.51,1.1,23.4,58.5,0.09,24.6,-0.5,0.0,-0.5
ASHRAE_2247,Male,38.0,Office,0.47,1.2,24.3,58.7,0.25,36.1,1.1,0.0,1.1
ASHRAE_2256,Male,38.0,Office,0.61,1.2,22.7,57.1,0.11,27.6,0.2,0.0,0.2
ASHRAE_2258,Female,24.0,Office,0.63,1.1,23.9,56.9,0.1,24.1,-0.1,0.0,-0.1
ASHRAE_2282,Male,38.0,Office,0.47,1.1,25.0,63.3,0.05,25.0,0.0,0.0,0.0
ASHRAE_2287,Female,24.0,Office,0.38,1.1,26.3,58.5,0.17,26.5,-0.1,0.0,-0.1
ASHRAE_2291,Male,38.0,Office,0.47,1.1,25.4,63.6,0.14,28.6,0.3,0.0,0.3
ASHRAE_2292,Female,24.0,Office,0.42,1.2,23.9,59.6,0.05,24.1,-0.3,0.0,-0.3
ASHRAE_2307,Female,24.0,Office,0.41,1.1,22.5,54.8,0.07,23.6,-1.1,0.0,-1.1
ASHRAE_2311,Female,24.0,Office,0.44,1.2,23.4,50.5,0.07,24.9,-0.4,0.0,-0.4
ASHRAE_2316,Female,31.0,Office,0.44,1.1,23.2,56.9,0.22,23.7,-1.3,0.0,-1.3
ASHRAE_2319,Male,38.0,Office,0.5,1.3,23.6,54.7,0.14,24.5,0.0,0.0,0.0
ASHRAE_2324,Female,31.0,Office,0.31,1.2,24.4,49.1,0.33,26.9,-1.0,0.0,-1.0
ASHRAE_2335,Female,52.0,Office,0.8,1.2,21.5,64.6,0.07,23.0,0.0,0.0,0.0
ASHRAE_2340,Female,31.0,Office,0.4,1.1,21.6,66.1,0.22,22.7,-2.0,0.0,-2.0
ASHRAE_2341,Female,24.0,Office,0.62,1.2,20.8,65.5,0.06,21.5,-0.7,0.0,-0.7
ASHRAE_2342,Male,18.0,Office,0.59,1.2,20.8,65.5,0.06,21.2,-0.9,0.0,-0.9
ASHRAE_2352,Female,45.0,Office,0.43,1.1,21.9,57.0,0.1,22.1,-1.5,0.0,-1.5
ASHRAE_2353,Female,24.0,Office,0.47,1.1,21.9,57.0,0.1,22.1,-1.3,0.0,-1.3
ASHRAE_2355,Male,31.0,Office,0.42,1.1,22.0,58.5,0.16,22.2,-1.7,0.0,-1.7
ASHRAE_2359,Male,31.0,Office,0.47,1.3,25.8,61.9,0.17,26.3,0.4,0.0,0.4
ASHRAE_2364,Male,24.0,Office,0.47,1.1,25.6,63.1,0.07,26.3,0.3,0.0,0.3
ASHRAE_2366,Male,31.0,Office,0.47,1.1,25.5,63.0,0.22,26.8,-0.2,0.0,-0.2
ASHRAE_2389,Female,38.0,Office,0.33,1.1,26.4,60.5,0.13,28.0,0.3,0.0,0.3
ASHRAE_2401,Female,31.0,Office,0.31,1.2,22.4,61.0,0.08,22.6,-1.2,0.0,-1.2
ASHRAE_2407,Male,45.0,Office,0.46,1.1,24.8,58.5,0.13,24.8,-0.3,0.0,-0.3
ASHRAE_2409,Female,31.0,Office,0.46,1.2,24.5,59.5,0.05,26.2,0.2,0.0,0.2
ASHRAE_2415,Male,45.0,Office,0.47,1.3,22.3,60.2,0.13,22.3,-0.6,0.0,-0.6
ASHRAE_2418,Female,31.0,Office,0.44,1.3,22.5,59.7,0.25,22.8,-0.8,0.0,-0.8
ASHRAE_2423,Female,24.0,Office,0.53,1.3,22.2,60.8,0.22,22.2,-0.6,0.0,-0.6
ASHRAE_2428,Female,31.0,Office,0.63,1.2,22.9,58.7,0.15,24.3,-0.2,0.0,-0.2
ASHRAE_2431,Female,38.0,Office,0.31,1.1,23.5,48.7,0.12,24.6,-1.1,0.0,-1.1
ASHRAE_2454,Female,24.0,Office,0.31,1.2,23.5,48.7,0.21,24.6,-1.1,0.0,-1.1
ASHRAE_2457,Female,24.0,Office,0.69,1.1,23.5,49.3,0.08,23.5,-0.3,0.0,-0.3
ASHRAE_2464,Female,18.0,Office,0.44,1.2,25.2,52.5,0.07,25.9,0.2,0.0,0.2
ASHRAE_2466,Female,31.0,Office,0.38,1.1,24.4,46.6,0.08,26.7,-0.3,0.0,-0.3
ASHRAE_2472,Female,18.0,Office,0.54,1.1,24.1,61.2,0.12,24.3,-0.4,0.0,-0.4
ASHRAE_2473,Female,24.0,Office,0.41,1.1,24.1,61.8,0.05,23.9,-0.6,0.0,-0.6
ASHRAE_2482,Male,45.0,Office,0.51,1.2,23.9,64.4,0.05,27.5,0.3,0.0,0.3
ASHRAE_2488,Male,31.0,Office,0.58,1.3,23.7,65.0,0.1,26.0,0.4,0.0,0.4
ASHRAE_2495,Female,38.0,Office,0.31,1.1,25.8,56.2,0.07,26.5,-0.2,0.0,-0.2
ASHRAE_2503,Female,24.0,Office,0.44,1.1,22.5,55.5,0.13,22.1,-1.4,0.0,-1.4
ASHRAE_2506,Female,45.0,Office,0.43,1.4,22.5,55.5,0.14,22.0,-0.6,0.0,-0.6
ASHRAE_2507,Female,24.0,Office,0.53,1.1,24.2,58.6,0.06,24.7,-0.3,0.0,-0.3
ASHRAE_2509,Female,24.0,Office,0.38,1.6,25.7,53.6,0.22,24.6,0.4,0.0,0.4
ASHRAE_2516,Male,38.0,Office,0.47,1.4,24.2,57.2,0.06,24.2,0.2,0.0,0.2
ASHRAE_2530,Male,45.0,Office,0.47,1.1,24.8,60.4,0.18,26.6,-0.1,0.0,-0.1
ASHRAE_2536,Female,24.0,Office,0.51,1.2,23.7,62.9,0.15,23.7,-0.4,0.0,-0.4
ASHRAE_2546,Female,24.0,Office,0.52,1.1,25.5,58.4,0.2,24.7,-0.4,0.0,-0.4
ASHRAE_2553,Female,24.0,Office,0.33,1.1,23.0,53.3,0.06,23.0,-1.4,0.0,-1.4
ASHRAE_2561,Female,18.0,Office,0.43,1.1,23.9,58.3,0.14,24.8,-0.6,0.0,-0.6
ASHRAE_2575,Female,60.0,Office,0.44,1.1,22.0,67.9,0.15,22.0,-1.6,0.0,-1.6
ASHRAE_2584,Male,52.0,Office,0.47,1.1,23.2,50.9,0.2,22.4,-1.2,0.0,-1.2
ASHRAE_2591,Male,60.0,Office,0.47,1.3,25.7,49.9,0.11,25.1,0.3,0.0,0.3
ASHRAE_2594,Female,18.0,Office,0.31,1.2,25.6,51.0,0.17,28.5,0.1,0.0,0.1
ASHRAE_2598,Male,52.0,Office,0.65,1.1,23.2,60.4,0.14,23.2,-0.4,0.0,-0.4
ASHRAE_2612,Female,31.0,Office,0.57,1.1,23.3,58.4,0.11,24.8,-0.4,0.0,-0.4
ASHRAE_2614,Female,24.0,Office,0.79,1.1,23.8,47.7,0.15,22.4,-0.4,0.0,-0.4
ASHRAE_2617,Male,24.0,Office,0.47,1.3,24.5,56.9,0.14,25.4,0.0,0.0,0.0
ASHRAE_2619,Female,31.0,Office,0.53,1.1,23.2,56.2,0.1,23.8,-0.4,0.0,-0.4
ASHRAE_2622,Male,52.0,Office,0.54,1.1,24.3,64.0,0.15,25.0,-0.4,0.0,-0.4
ASHRAE_2632,Female,18.0,Office,0.44,1.2,24.9,50.9,0.08,26.4,0.2,0.0,0.2
ASHRAE_2637,Female,31.0,Office,0.38,1.1,23.1,44.3,0.2,27.3,-0.8,0.0,-0.8
ASHRAE_2649,Male,38.0,Office,0.47,1.2,22.3,67.4,0.14,24.4,-0.5,0.0,-0.5
ASHRAE_2652,Female,60.0,Office,0.54,1.1,24.1,65.3,0.1,23.7,-0.4,0.0,-0.4
ASHRAE_2653,Male,38.0,Office,0.57,1.3,21.0,64.9,0.09,19.0,-0.7,0.0,-0.7
ASHRAE_2668,Male,45.0,Office,0.64,1.3,24.5,37.7,0.15,24.3,0.1,0.0,0.1
ASHRAE_2669,Male,24.0,Office,0.64,1.1,23.4,59.2,0.06,23.4,-0.2,0.0,-0.2
ASHRAE_2672,Female,24.0,Office,0.45,1.1,22.8,59.3,0.11,23.2,-1.0,0.0,-1.0
ASHRAE_2673,Male,52.0,Office,0.67,1.4,24.9,57.3,0.07,24.9,0.7,0.0,0.7
ASHRAE_2684,Male,60.0,Office,0.64,1.3,24.7,55.1,0.06,24.2,0.5,0.0,0.5
ASHRAE_2703,Male,31.0,Office,0.69,1.2,24.8,34.7,0.09,25.4,0.3,0.0,0.3
ASHRAE_2710,Male,31.0,Office,0.79,1.2,22.0,36.4,0.15,22.2,-0.5,0.0,-0.5
ASHRAE_2712,Female,24.0,Office,0.75,1.3,22.7,30.8,0.06,23.2,0.0,0.0,0.0
ASHRAE_2721,Male,24.0,Office,0.89,1.1,23.4,32.5,0.05,24.4,0.0,0.0,0.0
ASHRAE_2722,Male,31.0,Office,0.8,1.1,22.5,34.7,0.06,23.7,-0.1,0.0,-0.1
ASHRAE_2726,Female,45.0,Office,0.56,1.2,23.6,45.6,0.06,24.0,-0.1,0.0,-0.1
ASHRAE_2732,Male,24.0,Office,0.75,1.3,23.5,44.2,0.11,23.9,0.2,0.0,0.2
ASHRAE_2735,Male,38.0,Office,0.79,1.1,22.8,45.2,0.09,22.8,-0.3,0.0,-0.3
ASHRAE_2736,Male,52.0,Office,0.79,1.1,21.5,46.8,0.07,22.8,-0.3,0.0,-0.3
ASHRAE_2758,Female,31.0,Office,0.61,1.3,23.2,38.8,0.12,23.4,-0.1,0.0,-0.1
ASHRAE_2760,Male,31.0,Office,0.73,1.2,24.9,34.3,0.26,24.9,0.1,0.0,0.1
ASHRAE_2762,Female,24.0,Office,0.57,1.1,23.2,41.3,0.06,22.1,-0.7,0.0,-0.7
ASHRAE_2772,Male,24.0,Office,0.62,1.1,24.8,36.4,0.05,25.0,0.1,0.0,0.1
ASHRAE_2775,Male,52.0,Office,0.9,1.3,23.8,40.3,0.38,27.8,0.5,0.0,0.5
ASHRAE_2781,Male,45.0,Office,0.64,1.3,24.0,38.2,0.27,23.4,-0.3,0.0,-0.3
ASHRAE_2786,Female,24.0,Office,0.4,1.1,23.8,42.1,0.17,26.2,-0.6,0.0,-0.6
ASHRAE_2789,Male,60.0,Office,0.62,1.2,24.0,41.8,0.11,24.4,0.0,0.0,0.0
ASHRAE_2795,Female,38.0,Office,0.67,1.2,22.1,50.3,0.12,23.0,-0.4,0.0,-0.4
ASHRAE_2798,Female,24.0,Office,0.57,1.1,21.4,48.0,0.07,24.2,-0.9,0.0,-0.9
ASHRAE_2799,Male,24.0,Office,0.73,1.1,21.6,50.4,0.1,21.8,-0.8,0.0,-0.8
ASHRAE_2816,Female,18.0,Office,0.7,1.1,22.0,33.9,0.19,20.7,-1.0,0.0,-1.0
ASHRAE_2817,Female,24.0,Office,0.67,1.1,21.8,32.9,0.17,21.6,-1.3,0.0,-1.3
ASHRAE_2830,Male,24.0,Office,0.73,1.2,22.2,36.7,0.07,22.2,-0.2,0.0,-0.2
ASHRAE_2832,Male,52.0,Office,1.03,1.3,22.2,36.7,0.17,22.2,0.2,0.0,0.2
ASHRAE_2833,Male,24.0,Office,0.89,1.1,22.2,36.7,0.13,22.2,-0.5,0.0,-0.5
ASHRAE_2837,Male,38.0,Office,0.67,1.1,22.8,34.6,0.11,22.4,-0.8,0.0,-0.8
ASHRAE_2840,Male,31.0,Office,0.62,1.1,22.5,35.3,0.16,22.5,-0.9,0.0,-0.9
ASHRAE_2848,Male,24.0,Office,0.98,1.2,22.5,30.4,0.18,21.0,-0.2,0.0,-0.2
ASHRAE_2850,Male,31.0,Office,0.62,1.4,21.8,36.7,0.1,21.6,-0.3,0.0,-0.3
ASHRAE_2852,Male,24.0,Office,0.85,1.1,22.1,37.8,0.08,23.6,-0.1,0.0,-0.1
ASHRAE_2853,Female,24.0,Office,0.57,1.5,22.1,37.8,0.08,23.6,0.0,0.0,0.0
ASHRAE_2866,Male,24.0,Office,0.74,1.2,21.7,40.4,0.08,21.7,-0.3,0.0,-0.3
ASHRAE_2869,Female,45.0,Office,0.81,1.1,22.9,35.9,0.11,23.5,-0.2,0.0,-0.2
ASHRAE_2872,Male,38.0,Office,0.73,1.4,21.5,39.5,0.07,22.6,0.1,0.0,0.1
ASHRAE_2873,Female,24.0,Office,0.37,1.3,22.3,42.0,0.12,24.3,-0.7,0.0,-0.7
ASHRAE_2876,Female,24.0,Office,0.65,1.2,22.3,42.0,0.12,24.3,-0.2,0.0,-0.2
ASHRAE_2877,Female,31.0,Office,0.7,1.2,22.3,42.0,0.12,24.3,-0.1,0.0,-0.1
ASHRAE_2890,Female,18.0,Office,0.67,1.1,21.0,42.1,0.04,21.6,-1.0,0.0,-1.0
ASHRAE_2891,Female,38.0,Office,0.67,1.1,22.3,42.6,0.12,22.7,-0.7,0.0,-0.7
ASHRAE_2894,Male,24.0,Office,0.9,1.1,22.0,43.5,0.09,22.0,-0.2,0.0,-0.2
ASHRAE_2905,Male,31.0,Office,0.64,1.2,24.7,39.7,0.29,28.3,0.2,0.0,0.2
ASHRAE_2907,Male,31.0,Office,0.64,1.1,23.0,44.2,0.13,25.5,-0.2,0.0,-0.2
ASHRAE_2910,Female,24.0,Office,0.81,1.3,22.5,44.2,0.16,22.5,-0.1,0.0,-0.1
ASHRAE_2912,Male,38.0,Office,1.14,1.3,22.5,42.9,0.06,23.4,0.6,0.0,0.6
ASHRAE_2917,Male,45.0,Office,0.64,1.3,23.0,41.0,0.12,23.0,-0.2,0.0,-0.2
ASHRAE_2926,Male,31.0,Office,0.69,1.2,24.9,40.0,0.07,26.0,0.4,0.0,0.4
ASHRAE_2927,Female,24.0,Office,0.31,1.3,24.9,40.0,0.05,25.9,0.0,0.0,0.0
ASHRAE_2930,Male,24.0,Office,0.89,1.1,24.2,42.1,0.1,26.7,0.6,0.0,0.6
ASHRAE_2932,Male,31.0,Office,0.79,1.3,26.2,38.3,0.18,25.2,0.6,0.0,0.6
ASHRAE_2939,Female,52.0,Office,0.28,1.2,24.9,40.0,0.15,25.1,-0.7,0.0,-0.7
ASHRAE_2950,Male,31.0,Office,0.64,1.3,22.2,45.1,0.18,23.4,-0.3,0.0,-0.3
ASHRAE_2951,Male,52.0,Office,0.73,1.1,22.9,44.1,0.18,23.4,-0.6,0.0,-0.6
ASHRAE_2952,Female,52.0,Office,0.47,1.1,22.8,45.2,0.16,22.8,-1.3,0.0,-1.3
ASHRAE_2956,Female,38.0,Office,0.43,1.3,23.4,42.2,0.1,23.4,-0.4,0.0,-0.4
ASHRAE_2958,Female,24.0,Office,0.43,1.2,22.5,45.5,0.09,23.5,-0.6,0.0,-0.6
ASHRAE_2963,Female,24.0,Office,0.67,1.3,23.2,44.5,0.11,23.2,0.1,0.0,0.1
ASHRAE_2970,Female,18.0,Office,0.37,1.1,23.3,47.8,0.08,23.7,-1.0,0.0,-1.0
ASHRAE_2971,Male,38.0,Office,0.85,1.1,22.9,49.9,0.16,23.4,-0.2,0.0,-0.2
ASHRAE_2974,Male,45.0,Office,0.67,1.2,23.1,49.5,0.13,24.4,-0.1,0.0,-0.1
ASHRAE_2976,Male,52.0,Office,0.66,1.1,22.6,45.6,0.04,23.2,-0.6,0.0,-0.6
ASHRAE_2977,Male,38.0,Office,0.79,1.1,22.6,45.6,0.08,23.4,-0.3,0.0,-0.3
ASHRAE_2983,Male,31.0,Office,0.75,1.4,23.8,39.1,0.15,23.3,0.3,0.0,0.3
ASHRAE_2984,Male,24.0,Office,0.73,1.4,22.8,39.5,0.07,22.8,0.1,0.0,0.1
ASHRAE_2985,Male,45.0,Office,0.83,1.1,23.8,39.1,0.11,23.4,0.0,0.0,0.0
ASHRAE_2986,Male,31.0,Office,0.62,1.1,22.8,40.7,0.06,24.8,-0.4,0.0,-0.4
ASHRAE_2989,Male,24.0,Office,0.79,1.2,22.8,40.7,0.05,24.7,0.2,0.0,0.2
ASHRAE_2994,Male,52.0,Office,0.64,1.2,23.7,45.7,0.06,24.4,0.1,0.0,0.1
ASHRAE_2999,Male,24.0,Office,0.62,1.2,22.5,49.4,0.2,22.5,-0.7,0.0,-0.7
ASHRAE_3007,Female,24.0,Office,0.5,1.4,23.2,47.0,0.1,23.0,-0.1,0.0,-0.1
ASHRAE_3008,Male,31.0,Office,0.64,1.2,23.2,47.0,0.1,23.8,-0.1,0.0,-0.1
ASHRAE_3012,Female,31.0,Office,0.65,1.6,23.4,41.0,0.1,23.6,0.5,0.0,0.5
ASHRAE_3021,Female,31.0,Office,0.4,1.2,22.8,41.4,0.12,22.4,-1.0,0.0,-1.0
ASHRAE_3025,Male,31.0,Office,0.62,1.1,24.2,37.9,0.06,24.6,-0.2,0.0,-0.2
ASHRAE_3033,Female,24.0,Office,0.57,1.1,23.7,50.2,0.06,24.1,-0.4,0.0,-0.4
ASHRAE_3038,Male,24.0,Office,0.73,1.1,22.0,50.2,0.18,23.0,-0.7,0.0,-0.7
ASHRAE_3044,Female,24.0,Office,0.65,1.1,23.7,50.2,0.12,24.1,-0.4,0.0,-0.4
ASHRAE_3045,Female,24.0,Office,0.48,1.2,25.9,43.6,0.25,24.5,-0.3,0.0,-0.3
ASHRAE_3047,Male,31.0,Office,0.64,1.3,25.9,43.6,0.29,25.3,0.4,0.0,0.4
ASHRAE_3048,Female,52.0,Office,0.4,1.1,25.6,43.8,0.08,26.2,-0.1,0.0,-0.1
ASHRAE_3054,Male,45.0,Office,0.73,1.1,24.4,48.5,0.25,28.1,0.2,0.0,0.2
ASHRAE_3056,Male,52.0,Office,0.73,1.1,24.4,48.5,0.14,24.4,-0.1,0.0,-0.1
ASHRAE_3065,Female,24.0,Office,0.61,1.1,24.2,47.6,0.18,23.7,-0.4,0.0,-0.4
ASHRAE_3066,Female,52.0,Office,0.65,1.1,25.1,45.6,0.15,25.3,0.1,0.0,0.1
ASHRAE_3069,Male,38.0,Office,0.69,1.1,23.7,49.5,0.1,23.9,-0.1,0.0,-0.1
ASHRAE_3071,Female,24.0,Office,0.47,1.1,26.3,43.0,0.15,26.1,0.1,0.0,0.1
ASHRAE_3085,Male,24.0,Office,0.73,1.2,23.6,48.1,0.11,25.5,0.3,0.0,0.3
ASHRAE_3088,Female,24.0,Office,0.27,1.5,25.9,43.6,0.05,26.9,0.6,0.0,0.6
ASHRAE_3093,Male,52.0,Office,0.79,1.1,24.5,48.6,0.16,25.0,0.2,0.0,0.2
ASHRAE_3096,Male,45.0,Office,0.64,1.1,25.4,43.6,0.06,25.8,0.4,0.0,0.4
ASHRAE_3100,Male,52.0,Office,0.67,1.1,24.0,49.3,0.13,24.9,-0.1,0.0,-0.1
ASHRAE_3106,Male,31.0,Office,0.64,1.1,24.1,48.7,0.18,25.8,-0.2,0.0,-0.2
ASHRAE_3110,Female,31.0,Office,0.27,1.2,23.2,50.9,0.1,22.8,-1.0,0.0,-1.0
ASHRAE_3111,Male,24.0,Office,0.53,1.2,23.3,49.7,0.13,22.9,-0.6,0.0,-0.6
ASHRAE_3123,Male,24.0,Office,0.59,1.3,21.0,47.5,0.12,22.5,-0.6,0.0,-0.6
ASHRAE_3124,Male,31.0,Office,0.73,1.1,25.4,47.2,0.11,25.2,0.3,0.0,0.3
ASHRAE_3126,Male,60.0,Office,0.64,1.2,25.9,44.8,0.06,25.5,0.5,0.0,0.5
ASHRAE_3128,Female,52.0,Office,0.4,1.2,25.9,44.8,0.06,25.5,0.1,0.0,0.1
ASHRAE_3129,Female,24.0,Office,0.47,1.2,25.9,44.8,0.06,25.5,0.2,0.0,0.2
ASHRAE_3142,Female,52.0,Office,0.47,1.3,25.1,48.6,0.06,27.8,0.6,0.0,0.6
ASHRAE_3151,Female,31.0,Office,0.72,1.1,23.3,51.0,0.03,23.6,-0.1,0.0,-0.1
ASHRAE_3154,Female,31.0,Office,0.4,1.1,23.2,49.0,0.2,22.7,-1.4,0.0,-1.4
ASHRAE_5086,Female,47.0,Office,0.58,1.4,22.9,53.0,0.1,23.3,0.1,0.0,0.1
ASHRAE_5087,Male,27.0,Office,0.45,1.0,23.0,52.0,0.1,23.2,-1.3,0.0,-1.3
ASHRAE_5088,Male,25.0,Office,0.37,1.1,22.9,52.0,0.1,23.1,-1.2,0.0,-1.2
ASHRAE_5094,Male,21.0,Office,0.26,1.4,24.3,55.0,0.12,24.3,-0.3,0.0,-0.3
ASHRAE_5099,Female,36.0,Office,0.42,1.2,24.3,54.0,0.1,24.5,-0.2,0.0,-0.2
ASHRAE_5104,Male,40.0,Office,0.37,1.2,23.1,56.0,0.13,23.5,-0.8,0.0,-0.8
ASHRAE_5119,Female,49.0,Office,0.42,1.2,24.7,52.0,0.12,24.9,-0.2,0.0,-0.2
ASHRAE_5121,Male,37.0,Office,0.51,1.3,23.2,56.0,0.1,23.5,-0.1,0.0,-0.1
ASHRAE_5122,Female,28.0,Office,0.53,1.3,23.8,56.0,0.1,24.1,0.0,0.0,0.0
ASHRAE_5125,Male,53.0,Office,0.44,1.5,24.5,52.0,0.1,24.7,0.3,0.0,0.3
ASHRAE_5128,Female,45.0,Office,0.43,1.5,25.2,49.0,0.14,25.1,0.4,0.0,0.4
ASHRAE_5139,Female,25.0,Office,0.27,1.7,23.7,52.0,0.1,23.6,0.1,0.0,0.1
ASHRAE_5143,Male,22.0,Office,0.52,1.2,25.6,47.0,0.12,25.7,0.2,0.0,0.2
ASHRAE_5147,Female,23.0,Office,0.33,1.1,24.2,46.0,0.15,24.3,-1.1,0.0,-1.1
ASHRAE_5154,Female,40.0,Office,0.77,1.2,20.9,50.0,0.1,21.2,-0.5,0.0,-0.5
ASHRAE_5161,Female,21.0,Office,0.63,1.3,22.5,44.0,0.1,23.0,-0.1,0.0,-0.1
ASHRAE_5164,Female,40.0,Office,0.35,1.6,22.3,64.0,0.12,22.4,-0.1,0.0,-0.1
ASHRAE_5167,Male,18.0,Office,0.52,1.2,22.4,62.0,0.1,22.6,-0.4,0.0,-0.4
ASHRAE_5169,Male,27.0,Office,0.69,1.0,22.6,61.0,0.18,22.8,-1.0,0.0,-1.0
ASHRAE_5170,Female,23.0,Office,0.33,1.5,23.4,59.0,0.12,23.7,-0.1,0.0,-0.1
ASHRAE_5180,Male,55.0,Office,0.45,1.2,24.1,57.0,0.13,24.2,-0.2,0.0,-0.2
ASHRAE_5182,Female,45.0,Office,0.74,1.4,21.8,61.0,0.1,21.7,0.1,0.0,0.1
ASHRAE_5189,Male,21.0,Office,0.52,1.2,22.4,58.0,0.15,22.5,-0.6,0.0,-0.6
ASHRAE_5193,Male,30.0,Office,0.4,1.5,22.7,64.0,0.14,23.0,-0.2,0.0,-0.2
ASHRAE_5194,Male,27.0,Office,0.36,1.3,23.1,62.0,0.1,23.3,-0.6,0.0,-0.6
ASHRAE_5204,Female,26.0,Office,0.69,1.5,21.8,65.0,0.1,21.8,0.2,0.0,0.2
ASHRAE_5206,Female,34.0,Office,0.44,1.1,21.9,64.0,0.12,22.3,-1.1,0.0,-1.1
ASHRAE_5207,Female,32.0,Office,0.47,1.2,21.9,64.0,0.16,21.9,-0.9,0.0,-0.9
ASHRAE_5218,Female,21.0,Office,0.56,1.2,23.2,45.0,0.1,23.4,-0.2,0.0,-0.2
ASHRAE_5239,Female,52.0,Office,0.53,1.2,23.6,64.0,0.1,23.8,-0.1,0.0,-0.1
ASHRAE_5241,Male,50.0,Office,0.49,1.0,24.1,62.0,0.1,24.4,-0.6,0.0,-0.6
ASHRAE_5242,Female,21.0,Office,0.42,1.4,23.8,64.0,0.16,24.1,-0.1,0.0,-0.1
ASHRAE_5243,Female,32.0,Office,0.29,1.3,24.1,63.0,0.14,24.4,-0.5,0.0,-0.5
ASHRAE_5244,Female,21.0,Office,0.42,1.2,24.1,63.0,0.1,24.2,-0.2,0.0,-0.2
ASHRAE_5247,Female,51.0,Office,0.57,1.0,24.0,64.0,0.2,24.2,-0.8,0.0,-0.8
ASHRAE_5251,Female,55.0,Office,0.57,1.2,24.0,64.0,0.12,24.1,0.0,0.0,0.0
ASHRAE_5263,Female,46.0,Office,1.01,1.3,22.4,65.0,0.1,22.4,0.4,0.0,0.4
ASHRAE_5268,Male,39.0,Office,0.41,1.2,22.4,63.0,0.1,22.4,-0.7,0.0,-0.7
ASHRAE_5274,Female,30.0,Office,0.42,1.0,23.8,63.0,0.14,24.0,-1.2,0.0,-1.2
ASHRAE_5277,Male,38.0,Office,0.81,1.5,24.0,63.0,0.1,24.2,0.8,0.0,0.8
ASHRAE_5291,Female,29.0,Office,0.67,1.9,22.3,59.0,0.1,22.6,0.7,0.0,0.7
ASHRAE_5292,Male,28.0,Office,0.52,1.4,22.3,59.0,0.1,22.9,0.0,0.0,0.0
ASHRAE_5294,Male,37.0,Office,0.52,1.0,23.3,55.0,0.1,23.7,-0.9,0.0,-0.9
ASHRAE_5297,Male,33.0,Office,0.36,1.4,23.2,56.0,0.16,23.6,-0.5,0.0,-0.5
ASHRAE_5302,Female,35.0,Office,0.39,1.4,23.6,55.0,0.1,23.7,-0.2,0.0,-0.2
ASHRAE_5303,Female,19.0,Office,0.35,1.6,23.4,55.0,0.18,23.3,-0.2,0.0,-0.2
ASHRAE_5307,Female,36.0,Office,0.66,1.2,23.7,54.0,0.12,23.8,0.1,0.0,0.1
ASHRAE_5310,Male,46.0,Office,0.63,1.0,23.8,54.0,0.13,24.0,-0.6,0.0,-0.6
ASHRAE_5313,Female,23.0,Office,0.42,1.0,22.7,54.0,0.17,23.1,-1.5,0.0,-1.5
ASHRAE_5316,Male,44.0,Office,0.5,1.7,23.7,52.0,0.1,24.2,0.6,0.0,0.6
ASHRAE_5326,Female,52.0,Office,0.61,1.5,23.2,53.0,0.13,23.3,0.2,0.0,0.2
ASHRAE_5341,Female,38.0,Office,0.38,1.2,23.7,45.0,0.18,24.1,-0.9,0.0,-0.9
ASHRAE_5345,Male,38.0,Office,0.32,1.1,23.3,46.0,0.1,23.7,-1.1,0.0,-1.1
ASHRAE_5356,Female,17.0,Office,0.84,1.0,24.3,41.0,0.1,24.5,0.1,0.0,0.1
ASHRAE_5357,Female,22.0,Office,0.5,1.5,24.6,40.0,0.2,24.6,0.2,0.0,0.2
ASHRAE_5360,Male,60.0,Office,0.35,1.0,24.7,39.0,0.13,24.6,-1.2,0.0,-1.2
ASHRAE_5363,Male,20.0,Office,0.29,1.4,24.4,39.0,0.1,24.6,-0.1,0.0,-0.1
ASHRAE_5367,Male,35.0,Office,0.27,1.5,24.5,39.0,0.13,24.7,0.0,0.0,0.0
ASHRAE_5372,Male,54.0,Office,0.54,1.2,24.5,38.0,0.14,24.8,-0.1,0.0,-0.1
ASHRAE_5381,Male,40.0,Office,0.35,1.2,24.1,41.0,0.1,24.3,-0.6,0.0,-0.6
ASHRAE_5384,Female,36.0,Office,0.47,1.6,23.8,42.0,0.13,24.1,0.3,0.0,0.3
ASHRAE_5387,Female,46.0,Office,0.6,1.4,24.3,41.0,0.1,24.4,0.3,0.0,0.3
ASHRAE_5389,Female,42.0,Office,0.76,1.5,23.5,42.0,0.11,23.7,0.5,0.0,0.5
ASHRAE_5402,Female,23.0,Office,0.59,1.2,23.3,41.0,0.15,23.5,-0.4,0.0,-0.4
ASHRAE_5406,Female,57.0,Office,0.43,1.5,23.4,41.0,0.13,23.6,-0.1,0.0,-0.1
ASHRAE_5417,Female,32.0,Office,0.46,1.4,24.2,39.0,0.14,24.1,-0.1,0.0,-0.1
ASHRAE_5421,Female,26.0,Office,0.91,1.2,24.4,40.0,0.16,24.8,0.4,0.0,0.4
ASHRAE_5422,Male,27.0,Office,0.62,1.3,24.3,40.0,0.11,24.5,0.2,0.0,0.2
ASHRAE_5423,Male,25.0,Office,0.61,1.2,24.2,40.0,0.14,24.2,0.0,0.0,0.0
ASHRAE_5431,Female,32.0,Office,0.33,1.7,21.9,49.0,0.11,22.1,-0.1,0.0,-0.1
ASHRAE_5433,Female,54.0,Office,0.6,2.0,23.3,46.0,0.1,23.8,0.9,0.0,0.9
ASHRAE_5441,Male,39.0,Office,0.45,1.3,24.7,44.0,0.1,24.9,0.1,0.0,0.1
ASHRAE_5442,Male,33.0,Office,0.99,1.4,24.2,45.0,0.1,24.3,0.8,0.0,0.8
ASHRAE_5445,Male,32.0,Office,0.36,1.1,24.1,47.0,0.1,24.3,-0.7,0.0,-0.7
ASHRAE_5446,Male,30.0,Office,0.48,1.1,24.0,48.0,0.1,24.2,-0.4,0.0,-0.4
ASHRAE_5448,Male,46.0,Office,0.62,1.2,23.7,49.0,0.12,23.8,0.0,0.0,0.0
ASHRAE_5455,Female,35.0,Office,0.59,1.2,23.6,47.0,0.1,23.8,-0.2,0.0,-0.2
ASHRAE_5460,Male,24.0,Office,0.78,1.3,22.9,48.0,0.12,23.4,0.1,0.0,0.1
ASHRAE_5462,Female,26.0,Office,0.29,1.3,23.3,48.0,0.1,23.4,-0.8,0.0,-0.8
ASHRAE_5463,Male,24.0,Office,0.52,1.4,23.3,48.0,0.1,23.6,0.0,0.0,0.0
ASHRAE_5468,Male,53.0,Office,0.49,1.2,23.7,47.0,0.13,24.1,-0.4,0.0,-0.4
ASHRAE_5482,Male,46.0,Office,0.44,1.2,24.3,47.0,0.11,24.4,-0.2,0.0,-0.2
ASHRAE_5483,Female,43.0,Office,0.62,1.4,24.3,47.0,0.13,24.2,0.3,0.0,0.3
ASHRAE_5485,Male,29.0,Office,0.36,1.1,23.7,48.0,0.12,23.8,-1.0,0.0,-1.0
ASHRAE_5486,Male,31.0,Office,0.31,1.6,24.3,45.0,0.19,24.4,0.0,0.0,0.0
ASHRAE_5489,Female,37.0,Office,0.47,1.6,23.4,43.0,0.13,23.6,0.1,0.0,0.1
ASHRAE_5492,Female,20.0,Office,0.77,1.2,23.0,44.0,0.11,23.3,-0.1,0.0,-0.1
ASHRAE_5501,Female,37.0,Office,0.29,1.5,24.0,41.0,0.2,24.0,-0.4,0.0,-0.4
ASHRAE_5502,Female,25.0,Office,0.6,1.2,23.9,42.0,0.1,23.9,-0.1,0.0,-0.1
ASHRAE_5509,Female,24.0,Office,0.33,1.4,24.0,42.0,0.16,24.1,-0.4,0.0,-0.4
ASHRAE_5514,Female,60.0,Office,0.62,1.2,23.1,37.0,0.1,23.2,-0.2,0.0,-0.2
ASHRAE_5519,Female,23.0,Office,0.63,1.7,23.1,37.0,0.11,23.2,0.5,0.0,0.5
ASHRAE_5523,Female,29.0,Office,0.75,1.2,22.5,36.0,0.1,22.4,-0.2,0.0,-0.2
ASHRAE_5526,Male,31.0,Office,0.36,1.3,22.7,36.0,0.1,22.8,-0.9,0.0,-0.9
ASHRAE_5529,Female,20.0,Office,0.92,1.0,23.9,35.0,0.15,24.0,-0.2,0.0,-0.2
ASHRAE_5531,Female,40.0,Office,0.35,1.1,24.0,35.0,0.1,24.1,-1.0,0.0,-1.0
ASHRAE_5537,Female,29.0,Office,0.58,1.4,23.3,44.0,0.12,23.4,0.1,0.0,0.1
ASHRAE_5545,Male,41.0,Office,0.44,1.5,23.4,46.0,0.15,23.4,-0.2,0.0,-0.2
ASHRAE_5546,Male,23.0,Office,0.28,1.1,23.5,46.0,0.12,23.6,-1.2,0.0,-1.2
ASHRAE_5549,Female,47.0,Office,0.51,1.3,23.5,45.0,0.11,23.7,-0.1,0.0,-0.1
ASHRAE_5552,Male,25.0,Office,0.73,1.3,24.2,44.0,0.1,24.5,0.4,0.0,0.4
ASHRAE_5554,Male,35.0,Office,0.65,1.6,23.8,45.0,0.12,23.9,0.5,0.0,0.5
ASHRAE_5558,Female,21.0,Office,0.4,1.6,23.3,46.0,0.14,23.6,0.0,0.0,0.0
ASHRAE_5565,Female,25.0,Office,0.67,1.3,22.1,54.0,0.1,22.2,-0.2,0.0,-0.2
ASHRAE_5579,Female,26.0,Office,0.38,1.2,22.5,54.0,0.1,22.5,-0.8,0.0,-0.8
ASHRAE_5582,Male,31.0,Office,0.52,1.4,22.6,53.0,0.12,22.6,-0.2,0.0,-0.2
ASHRAE_5587,Female,23.0,Office,0.37,1.2,21.9,56.0,0.1,21.9,-1.2,0.0,-1.2
ASHRAE_5592,Female,20.0,Office,0.46,1.5,22.0,57.0,0.11,22.0,-0.2,0.0,-0.2
ASHRAE_5596,Female,48.0,Office,0.44,1.1,21.8,57.0,0.1,21.9,-1.2,0.0,-1.2
ASHRAE_5598,Female,19.0,Office,0.38,1.4,23.2,54.0,0.12,23.4,-0.3,0.0,-0.3
ASHRAE_5601,Female,41.0,Office,0.8,1.3,23.6,52.0,0.1,23.7,0.4,0.0,0.4
ASHRAE_5610,Female,23.0,Office,0.54,1.5,22.6,49.0,0.1,22.9,0.1,0.0,0.1
ASHRAE_5613,Female,21.0,Office,0.82,1.2,24.2,54.0,0.1,24.2,0.4,0.0,0.4
ASHRAE_5615,Male,48.0,Office,0.36,1.4,24.5,49.0,0.1,24.5,0.1,0.0,0.1
ASHRAE_5618,Female,29.0,Office,0.31,2.0,23.4,69.0,0.1,23.7,0.6,0.0,0.6
ASHRAE_5620,Female,26.0,Office,0.38,1.3,23.6,69.0,0.14,24.0,-0.4,0.0,-0.4
ASHRAE_5623,Female,46.0,Office,0.43,1.3,23.7,68.0,0.1,23.8,-0.1,0.0,-0.1
ASHRAE_5626,Female,37.0,Office,0.53,1.1,23.9,67.0,0.11,24.1,-0.2,0.0,-0.2
ASHRAE_5627,Female,33.0,Office,0.51,1.0,24.1,66.0,0.1,24.4,-0.4,0.0,-0.4
ASHRAE_5634,Male,38.0,Office,0.35,1.6,24.0,66.0,0.1,24.2,0.3,0.0,0.3
ASHRAE_5637,Female,37.0,Office,0.38,1.5,23.2,62.0,0.11,23.4,0.0,0.0,0.0
ASHRAE_5646,Female,37.0,Office,0.5,1.4,23.2,63.0,0.12,23.5,0.0,0.0,0.0
ASHRAE_5648,Female,24.0,Office,0.5,1.2,24.6,57.0,0.15,25.7,0.0,0.0,0.0
ASHRAE_5655,Male,28.0,Office,0.44,1.5,23.4,49.0,0.13,23.8,0.0,0.0,0.0
ASHRAE_5656,Male,43.0,Office,0.4,1.5,24.0,48.0,0.1,24.2,0.1,0.0,0.1
ASHRAE_5658,Female,38.0,Office,0.53,1.3,23.1,49.0,0.14,23.2,-0.4,0.0,-0.4
ASHRAE_5661,Male,30.0,Office,0.47,1.4,23.5,47.0,0.1,23.5,-0.1,0.0,-0.1
ASHRAE_5664,Male,28.0,Office,0.41,1.2,24.1,45.0,0.11,24.6,-0.3,0.0,-0.3
ASHRAE_5666,Male,31.0,Office,0.36,1.0,23.3,42.0,0.14,23.7,-1.7,0.0,-1.7
ASHRAE_5670,Male,51.0,Office,0.45,1.7,23.1,41.0,0.14,23.7,0.3,0.0,0.3
ASHRAE_5671,Male,28.0,Office,0.36,1.5,22.9,42.0,0.12,23.3,-0.2,0.0,-0.2
ASHRAE_5677,Male,51.0,Office,0.79,1.2,22.4,38.0,0.1,22.6,-0.2,0.0,-0.2
ASHRAE_5679,Female,21.0,Office,0.5,1.5,23.1,37.0,0.1,23.3,0.0,0.0,0.0
ASHRAE_5684,Male,31.0,Office,0.41,1.4,24.4,34.0,0.14,24.9,-0.1,0.0,-0.1
ASHRAE_5686,Female,49.0,Office,0.62,1.3,23.7,37.0,0.1,23.9,0.1,0.0,0.1
ASHRAE_5688,Female,25.0,Office,0.27,1.5,23.0,39.0,0.1,23.3,-0.4,0.0,-0.4
ASHRAE_5689,Male,50.0,Office,0.27,1.2,23.5,38.0,0.1,23.7,-1.0,0.0,-1.0
ASHRAE_5690,Male,46.0,Office,0.27,1.5,23.6,38.0,0.12,23.9,-0.2,0.0,-0.2
ASHRAE_5693,Female,42.0,Office,0.59,1.4,23.7,38.0,0.1,23.9,0.2,0.0,0.2
ASHRAE_5695,Female,44.0,Office,0.53,1.3,23.3,39.0,0.18,23.8,-0.5,0.0,-0.5
ASHRAE_5697,Female,21.0,Office,0.44,1.4,23.4,39.0,0.1,23.6,-0.1,0.0,-0.1
ASHRAE_5699,Male,43.0,Office,0.41,1.6,24.9,51.0,0.1,25.0,0.6,0.0,0.6
ASHRAE_5705,Male,27.0,Office,0.36,1.2,25.5,51.0,0.12,26.1,0.0,0.0,0.0
ASHRAE_5707,Male,38.0,Office,0.28,1.5,22.4,59.0,0.1,23.0,-0.3,0.0,-0.3
ASHRAE_5713,Female,37.0,Office,0.24,1.4,23.3,56.0,0.11,23.8,-0.4,0.0,-0.4
ASHRAE_5719,Female,45.0,Office,0.33,1.3,24.3,50.0,0.16,24.7,-0.4,0.0,-0.4
ASHRAE_5721,Male,35.0,Office,0.3,1.3,24.0,44.0,0.12,24.4,-0.6,0.0,-0.6
ASHRAE_5722,Female,59.0,Office,0.33,1.6,24.0,47.0,0.12,24.5,0.1,0.0,0.1
ASHRAE_5723,Female,22.0,Office,0.25,1.2,23.7,46.0,0.14,23.9,-1.1,0.0,-1.1
ASHRAE_5724,Female,21.0,Office,0.29,1.4,24.1,50.0,0.2,24.6,-0.5,0.0,-0.5
ASHRAE_5726,Female,40.0,Office,0.43,1.9,24.3,59.0,0.13,24.6,0.7,0.0,0.7
ASHRAE_5728,Male,36.0,Office,0.53,1.0,24.6,59.0,0.1,25.3,-0.3,0.0,-0.3
ASHRAE_5731,Female,27.0,Office,0.33,1.0,25.2,56.0,0.16,25.9,-0.9,0.0,-0.9
ASHRAE_5736,Female,26.0,Office,0.38,1.5,23.0,52.0,0.14,23.4,-0.1,0.0,-0.1
ASHRAE_5751,Male,30.0,Office,0.55,1.5,24.7,51.0,0.1,25.2,0.6,0.0,0.6
ASHRAE_5754,Female,46.0,Office,0.49,1.0,22.8,56.0,0.1,23.2,-1.1,0.0,-1.1
ASHRAE_5758,Male,25.0,Office,0.42,1.5,22.8,55.0,0.1,23.1,-0.1,0.0,-0.1
ASHRAE_5759,Male,33.0,Office,0.57,1.3,23.3,55.0,0.1,23.5,0.0,0.0,0.0
ASHRAE_5764,Female,23.0,Office,0.2,1.5,23.7,54.0,0.1,24.1,-0.2,0.0,-0.2
ASHRAE_5766,Female,20.0,Office,0.52,1.0,22.7,56.0,0.12,23.3,-1.2,0.0,-1.2
ASHRAE_5770,Male,59.0,Office,0.5,1.0,24.0,57.0,0.12,24.5,-0.8,0.0,-0.8
ASHRAE_5772,Female,23.0,Office,0.42,1.2,23.8,57.0,0.12,24.1,-0.5,0.0,-0.5
ASHRAE_5775,Female,21.0,Office,0.42,1.4,23.1,57.0,0.11,23.3,-0.2,0.0,-0.2
ASHRAE_5782,Male,31.0,Office,0.56,1.2,23.2,57.0,0.1,23.4,-0.2,0.0,-0.2
ASHRAE_5789,Female,46.0,Office,0.74,1.5,23.6,52.0,0.15,23.9,0.5,0.0,0.5
ASHRAE_5795,Female,30.0,Office,0.46,1.2,23.3,60.0,0.13,23.4,-0.6,0.0,-0.6
ASHRAE_5796,Female,24.0,Office,0.33,1.5,23.5,57.0,0.13,24.0,-0.1,0.0,-0.1
ASHRAE_5798,Male,34.0,Office,0.3,1.0,23.0,59.0,0.1,23.2,-1.8,0.0,-1.8
ASHRAE_5807,Female,22.0,Office,0.42,1.2,23.3,59.0,0.16,23.6,-0.8,0.0,-0.8
ASHRAE_5813,Female,21.0,Office,0.96,1.3,23.5,47.0,0.14,24.2,0.5,0.0,0.5
ASHRAE_5826,Female,32.0,Office,0.41,1.2,23.4,50.0,0.15,23.6,-0.6,0.0,-0.6
ASHRAE_5830,Female,28.0,Office,0.45,1.3,22.9,50.0,0.13,23.3,-0.4,0.0,-0.4
ASHRAE_5848,Female,18.0,Office,0.39,1.8,24.0,47.0,0.11,24.3,0.5,0.0,0.5
ASHRAE_5849,Male,34.0,Office,0.63,1.4,23.8,48.0,0.11,24.1,0.3,0.0,0.3
ASHRAE_5852,Female,52.0,Office,0.55,1.3,23.8,47.0,0.1,24.1,0.1,0.0,0.1
ASHRAE_5855,Male,32.0,Office,0.52,1.4,23.6,46.0,0.1,23.7,0.1,0.0,0.1
ASHRAE_5860,Female,40.0,Office,0.31,1.2,21.7,49.0,0.11,22.3,-1.4,0.0,-1.4
ASHRAE_5861,Male,25.0,Office,0.4,1.2,22.7,47.0,0.1,23.3,-0.7,0.0,-0.7
ASHRAE_5864,Female,56.0,Office,0.33,1.0,24.7,58.0,0.12,24.9,-1.0,0.0,-1.0
ASHRAE_5868,Female,38.0,Office,0.33,1.0,24.2,59.0,0.12,24.3,-1.2,0.0,-1.2
ASHRAE_5884,Male,35.0,Office,0.42,1.8,24.6,60.0,0.15,25.1,0.7,0.0,0.7
ASHRAE_5887,Male,29.0,Office,0.27,1.3,25.0,58.0,0.1,25.4,0.0,0.0,0.0
ASHRAE_5891,Female,23.0,Office,0.44,1.5,25.0,60.0,0.11,25.4,0.5,0.0,0.5
ASHRAE_5893,Female,24.0,Office,0.38,1.4,24.7,61.0,0.13,24.9,0.1,0.0,0.1
ASHRAE_5902,Female,22.0,Office,0.31,1.0,24.1,60.0,0.19,24.4,-1.7,0.0,-1.7
ASHRAE_5905,Male,30.0,Office,0.48,1.3,24.8,58.0,0.12,25.3,0.2,0.0,0.2
ASHRAE_5907,Male,40.0,Office,0.71,1.2,25.1,59.0,0.1,25.4,0.6,0.0,0.6
ASHRAE_5910,Female,26.0,Office,0.43,1.4,25.3,58.0,0.13,25.7,0.5,0.0,0.5
ASHRAE_5912,Female,23.0,Office,0.42,1.6,24.9,60.0,0.19,25.7,0.5,0.0,0.5
ASHRAE_5916,Female,45.0,Office,0.49,1.5,24.6,61.0,0.11,24.9,0.5,0.0,0.5
ASHRAE_5919,Female,48.0,Office,0.92,1.3,24.3,61.0,0.15,24.5,0.6,0.0,0.6
ASHRAE_5923,Female,23.0,Office,0.45,1.3,25.1,60.0,0.12,25.5,0.3,0.0,0.3
ASHRAE_5930,Male,28.0,Office,0.69,1.0,24.0,63.0,0.15,23.8,-0.4,0.0,-0.4
ASHRAE_5932,Female,25.0,Office,0.38,1.3,24.8,59.0,0.11,25.2,0.1,0.0,0.1
ASHRAE_5935,Male,38.0,Office,0.44,1.5,22.7,69.0,0.17,23.5,-0.1,0.0,-0.1
ASHRAE_5940,Female,57.0,Office,0.49,1.3,23.3,61.0,0.12,23.5,-0.2,0.0,-0.2
ASHRAE_5946,Female,28.0,Office,0.41,1.2,22.8,63.0,0.1,23.2,-0.5,0.0,-0.5
ASHRAE_5949,Female,24.0,Office,0.5,1.3,23.4,60.0,0.17,23.4,-0.3,0.0,-0.3
ASHRAE_5950,Male,23.0,Office,1.15,1.0,23.4,59.0,0.16,23.8,0.2,0.0,0.2
ASHRAE_5952,Female,45.0,Office,0.25,1.4,23.2,61.0,0.14,23.7,-0.6,0.0,-0.6
ASHRAE_5953,Female,36.0,Office,0.33,1.2,23.4,60.0,0.12,23.5,-0.7,0.0,-0.7
ASHRAE_5977,Female,17.0,Office,0.29,1.6,22.4,62.0,0.22,22.8,-0.6,0.0,-0.6
ASHRAE_5980,Female,42.0,Office,0.3,1.3,23.1,60.0,0.12,23.3,-0.6,0.0,-0.6
ASHRAE_5984,Male,31.0,Office,0.41,1.1,23.6,55.0,0.14,24.0,-0.7,0.0,-0.7
ASHRAE_5987,Female,20.0,Office,0.38,1.5,23.6,54.0,0.18,23.6,-0.2,0.0,-0.2
ASHRAE_5989,Female,21.0,Office,0.9,1.3,23.7,55.0,0.17,23.9,0.4,0.0,0.4
ASHRAE_5996,Female,46.0,Office,0.27,1.5,23.2,64.0,0.14,23.5,-0.3,0.0,-0.3
ASHRAE_5999,Female,27.0,Office,0.29,1.3,23.3,62.0,0.12,23.3,-0.7,0.0,-0.7
ASHRAE_6004,Female,49.0,Office,0.55,1.2,23.7,61.0,0.1,24.0,0.0,0.0,0.0
ASHRAE_6005,Male,50.0,Office,0.37,1.2,22.6,61.0,0.1,22.8,-0.9,0.0,-0.9
ASHRAE_6006,Female,25.0,Office,0.37,1.2,22.9,59.0,0.15,23.1,-1.0,0.0,-1.0
ASHRAE_6007,Female,42.0,Office,0.47,1.5,22.1,60.0,0.12,22.5,-0.2,0.0,-0.2
ASHRAE_6009,Female,44.0,Office,0.42,1.6,22.4,59.0,0.12,22.9,0.0,0.0,0.0
ASHRAE_6011,Male,50.0,Office,0.29,1.0,23.0,61.0,0.16,23.2,-2.1,0.0,-2.1
ASHRAE_6016,Female,47.0,Office,0.41,1.1,23.6,62.0,0.12,24.0,-0.8,0.0,-0.8
ASHRAE_6019,Female,25.0,Office,0.32,1.6,23.6,61.0,0.13,24.0,0.1,0.0,0.1
ASHRAE_6022,Male,23.0,Office,0.57,1.1,23.2,65.0,0.12,23.6,-0.5,0.0,-0.5
ASHRAE_6025,Female,30.0,Office,0.66,1.1,24.2,66.0,0.12,24.4,0.1,0.0,0.1
ASHRAE_6026,Male,38.0,Office,0.28,1.4,24.6,65.0,0.14,24.7,-0.1,0.0,-0.1
ASHRAE_6030,Male,30.0,Office,0.5,1.5,23.4,64.0,0.1,23.7,0.3,0.0,0.3
ASHRAE_6031,Female,27.0,Office,0.33,1.3,23.4,64.0,0.1,23.7,-0.3,0.0,-0.3
ASHRAE_6034,Female,32.0,Office,0.57,1.4,23.3,64.0,0.13,23.7,0.1,0.0,0.1
ASHRAE_6048,Female,34.0,Office,0.54,1.3,24.7,65.0,0.1,25.1,0.4,0.0,0.4
ASHRAE_6050,Male,34.0,Office,0.44,1.2,24.4,66.0,0.1,24.7,0.0,0.0,0.0
ASHRAE_6054,Female,32.0,Office,0.29,1.5,24.4,65.0,0.16,24.4,-0.1,0.0,-0.1
ASHRAE_6057,Male,33.0,Office,0.45,1.7,23.7,63.0,0.14,23.8,0.5,0.0,0.5
ASHRAE_6068,Female,29.0,Office,0.84,1.1,23.7,63.0,0.1,23.9,0.3,0.0,0.3
ASHRAE_6071,Male,39.0,Office,0.69,1.0,23.4,64.0,0.12,23.7,-0.3,0.0,-0.3
ASHRAE_6074,Female,24.0,Office,0.38,1.3,23.0,65.0,0.12,23.4,-0.5,0.0,-0.5
ASHRAE_6078,Female,34.0,Office,0.43,1.6,23.9,62.0,0.12,24.3,0.4,0.0,0.4
ASHRAE_6079,Female,42.0,Office,0.47,1.3,23.0,65.0,0.12,23.3,-0.2,0.0,-0.2
ASHRAE_6085,Female,21.0,Office,0.41,1.5,23.9,62.0,0.14,24.5,0.1,0.0,0.1
ASHRAE_6087,Male,34.0,Office,0.42,1.3,24.0,65.0,0.1,24.2,0.0,0.0,0.0
ASHRAE_6088,Female,39.0,Office,0.63,1.2,24.2,64.0,0.1,24.8,0.3,0.0,0.3
ASHRAE_6100,Male,32.0,Office,0.4,1.1,23.9,62.0,0.18,24.1,-0.8,0.0,-0.8
ASHRAE_6101,Male,40.0,Office,0.44,1.1,23.9,62.0,0.11,24.2,-0.6,0.0,-0.6
ASHRAE_6102,Male,39.0,Office,0.36,1.3,23.9,62.0,0.1,24.1,-0.2,0.0,-0.2
ASHRAE_6107,Male,30.0,Office,0.21,1.3,23.1,65.0,0.13,23.3,-0.9,0.0,-0.9
ASHRAE_6120,Male,58.0,Office,0.44,1.0,22.5,50.0,0.1,23.0,-1.5,0.0,-1.5
ASHRAE_6122,Male,39.0,Office,0.48,1.0,22.0,51.0,0.11,22.5,-1.3,0.0,-1.3
ASHRAE_6123,Male,27.0,Office,0.56,1.5,22.8,51.0,0.11,23.1,0.1,0.0,0.1
ASHRAE_6135,Male,40.0,Office,0.4,1.0,23.6,48.0,0.13,24.1,-1.3,0.0,-1.3
ASHRAE_6136,Female,41.0,Office,0.47,1.4,23.8,48.0,0.15,24.0,-0.1,0.0,-0.1
ASHRAE_6139,Male,47.0,Office,0.33,1.2,23.4,60.0,0.1,23.8,-0.7,0.0,-0.7
ASHRAE_6150,Male,32.0,Office,0.5,1.3,22.4,49.0,0.17,22.5,-0.6,0.0,-0.6
ASHRAE_6154,Female,35.0,Office,0.38,1.3,23.3,47.0,0.14,23.6,-0.6,0.0,-0.6
ASHRAE_6157,Male,53.0,Office,0.45,1.2,22.5,47.0,0.18,23.0,-0.9,0.0,-0.9
ASHRAE_6162,Female,41.0,Office,0.47,1.8,23.1,50.0,0.1,23.2,0.4,0.0,0.4
ASHRAE_6164,Male,46.0,Office,0.44,2.0,24.7,44.0,0.14,24.8,0.8,0.0,0.8
ASHRAE_6168,Female,19.0,Office,0.38,1.0,23.5,46.0,0.1,23.6,-1.4,0.0,-1.4
ASHRAE_6172,Female,20.0,Office,0.42,1.6,23.3,49.0,0.15,23.3,0.0,0.0,0.0
ASHRAE_6182,Female,25.0,Office,0.5,1.3,24.9,44.0,0.22,25.2,0.0,0.0,0.0
ASHRAE_6183,Female,24.0,Office,0.37,1.3,24.6,44.0,0.13,25.6,-0.1,0.0,-0.1
ASHRAE_6184,Female,21.0,Office,0.42,1.4,24.2,45.0,0.1,24.4,0.1,0.0,0.1
ASHRAE_6188,Female,21.0,Office,0.33,2.6,23.4,45.0,0.17,23.6,1.0,0.0,1.0
ASHRAE_6189,Male,38.0,Office,0.45,1.7,23.3,46.0,0.16,23.4,0.2,0.0,0.2
ASHRAE_6211,Female,20.0,Office,0.3,1.2,23.0,51.0,0.15,23.2,-1.2,0.0,-1.2
ASHRAE_6213,Female,39.0,Office,0.37,1.3,23.2,53.0,0.1,23.5,-0.4,0.0,-0.4
ASHRAE_6221,Female,34.0,Office,0.35,1.2,24.0,52.0,0.24,24.5,-1.0,0.0,-1.0
ASHRAE_6222,Female,32.0,Office,0.5,1.5,24.5,52.0,0.14,25.0,0.4,0.0,0.4
ASHRAE_6227,Male,50.0,Office,0.36,1.3,23.5,49.0,0.1,24.1,-0.3,0.0,-0.3
ASHRAE_6230,Male,42.0,Office,0.69,1.2,24.3,64.0,0.1,24.8,0.4,0.0,0.4
ASHRAE_6231,Male,20.0,Office,0.52,1.0,22.6,71.0,0.14,23.2,-1.0,0.0,-1.0
ASHRAE_6232,Female,36.0,Office,0.53,1.7,23.5,67.0,0.1,23.8,0.7,0.0,0.7
ASHRAE_6242,Female,25.0,Office,0.29,1.6,21.6,60.0,0.18,21.7,-0.8,0.0,-0.8
ASHRAE_6245,Female,27.0,Office,0.33,1.0,24.3,56.0,0.11,24.6,-1.1,0.0,-1.1
ASHRAE_6246,Female,24.0,Office,0.33,1.1,24.5,57.0,0.15,24.7,-0.9,0.0,-0.9
ASHRAE_6248,Female,19.0,Office,0.25,1.6,22.5,49.0,0.15,22.9,-0.4,0.0,-0.4
ASHRAE_6263,Female,45.0,Office,0.49,1.0,25.1,63.0,0.1,25.2,-0.3,0.0,-0.3
ASHRAE_6265,Female,35.0,Office,0.29,1.2,25.8,63.0,0.1,26.2,0.1,0.0,0.1
ASHRAE_6270,Female,60.0,Office,0.49,1.1,26.2,62.0,0.12,26.7,0.3,0.0,0.3
ASHRAE_6278,Male,25.0,Office,0.36,1.2,24.0,50.0,0.12,24.4,-0.4,0.0,-0.4
ASHRAE_6280,Male,56.0,Office,0.36,1.6,22.4,54.0,0.17,23.1,-0.3,0.0,-0.3
ASHRAE_6283,Male,24.0,Office,0.3,1.4,22.9,50.0,0.12,23.1,-0.6,0.0,-0.6
ASHRAE_7150,Female,53.0,Office,0.87,1.6,23.1,52.1,0.06,24.0,0.8,0.0,0.8
ASHRAE_7156,Female,50.0,Office,0.59,1.2,21.0,69.8,0.17,21.7,-0.9,0.0,-0.9
ASHRAE_7174,Female,28.0,Office,0.74,1.6,21.6,56.0,0.38,22.2,0.0,0.0,0.0
ASHRAE_7178,Female,33.0,Office,1.08,1.5,21.7,55.3,0.09,22.0,0.6,0.0,0.6
ASHRAE_7183,Female,33.0,Office,0.7,1.0,22.2,53.2,0.11,22.6,-0.7,0.0,-0.7
ASHRAE_7201,Female,24.0,Office,0.5,1.5,21.3,57.8,0.09,21.4,-0.3,0.0,-0.3
ASHRAE_7204,Female,29.0,Office,1.12,1.1,21.6,57.5,0.09,21.9,0.1,0.0,0.1
ASHRAE_7231,Female,51.0,Office,0.65,1.3,22.2,54.5,0.22,22.6,-0.4,0.0,-0.4
ASHRAE_7268,Female,34.0,Office,0.57,1.5,23.2,50.8,0.2,23.6,0.1,0.0,0.1
ASHRAE_7279,Female,31.0,Office,0.86,1.5,22.7,50.6,0.09,23.0,0.6,0.0,0.6
ASHRAE_7295,Female,42.0,Office,0.65,1.1,22.7,51.7,0.23,23.2,-1.0,0.0,-1.0
ASHRAE_7297,Female,28.0,Office,0.6,1.4,22.9,50.0,0.22,23.1,-0.1,0.0,-0.1
ASHRAE_7307,Female,26.0,Office,0.62,1.1,23.4,47.5,0.13,23.5,-0.4,0.0,-0.4
ASHRAE_7333,Female,33.0,Office,0.4,1.4,20.7,46.7,0.18,21.4,-1.2,0.0,-1.2
ASHRAE_7354,Female,35.0,Office,0.54,1.4,24.0,50.6,0.16,23.9,0.1,0.0,0.1
ASHRAE_7359,Female,46.0,Office,0.49,1.4,23.7,52.1,0.17,23.9,-0.1,0.0,-0.1
ASHRAE_7372,Female,26.0,Office,0.54,1.2,22.4,41.3,0.11,22.7,-0.7,0.0,-0.7
ASHRAE_7398,Female,46.0,Office,0.4,1.1,23.2,32.0,0.12,24.0,-1.0,0.0,-1.0
ASHRAE_7406,Female,24.0,Office,0.74,1.1,19.7,51.0,0.17,20.1,-1.5,0.0,-1.5
ASHRAE_7442,Female,32.0,Office,0.53,1.4,22.6,41.8,0.08,23.1,-0.1,0.0,-0.1
ASHRAE_7465,Female,38.0,Office,0.64,1.2,23.4,33.6,0.09,23.6,-0.2,0.0,-0.2
ASHRAE_7468,Female,24.0,Office,1.03,1.4,23.1,35.0,0.13,23.4,0.5,0.0,0.5
ASHRAE_7475,Female,35.0,Office,0.91,1.1,21.0,39.7,0.21,22.1,-0.6,0.0,-0.6
ASHRAE_7483,Female,32.0,Office,0.6,1.5,22.4,38.3,0.14,22.6,0.0,0.0,0.0
ASHRAE_7499,Female,45.0,Office,0.69,1.3,22.6,39.6,0.08,22.5,0.0,0.0,0.0
ASHRAE_7500,Female,42.0,Office,1.03,1.5,22.2,41.0,0.06,22.3,0.6,0.0,0.6
ASHRAE_7526,Female,49.0,Office,0.68,1.4,22.2,40.4,0.08,22.5,0.1,0.0,0.1
ASHRAE_7528,Female,53.0,Office,0.56,1.5,22.4,41.0,0.19,22.8,-0.2,0.0,-0.2
ASHRAE_7530,Female,43.0,Office,0.46,1.2,22.0,42.8,0.2,22.3,-1.3,0.0,-1.3
ASHRAE_7536,Female,23.0,Office,0.83,1.5,20.9,46.1,0.2,21.8,0.1,0.0,0.1
ASHRAE_7540,Female,24.0,Office,0.68,1.4,21.7,43.6,0.14,21.6,-0.2,0.0,-0.2
ASHRAE_7541,Female,36.0,Office,1.01,1.0,21.6,44.0,0.12,21.7,-0.4,0.0,-0.4
ASHRAE_7547,Female,32.0,Office,0.68,1.1,21.9,41.0,0.09,22.0,-0.7,0.0,-0.7
ASHRAE_7549,Female,46.0,Office,0.61,1.7,22.5,39.1,0.1,22.7,0.4,0.0,0.4
ASHRAE_7554,Female,28.0,Office,0.99,1.6,21.9,35.3,0.16,22.1,0.4,0.0,0.4
ASHRAE_7567,Female,52.0,Office,0.98,1.4,22.3,41.4,0.06,22.3,0.4,0.0,0.4
ASHRAE_7568,Female,42.0,Office,0.52,1.2,21.5,43.4,0.1,21.4,-1.0,0.0,-1.0
ASHRAE_7592,Female,39.0,Office,0.82,1.4,21.7,40.8,0.07,22.0,0.1,0.0,0.1
ASHRAE_7596,Female,47.0,Office,1.06,1.4,22.2,38.3,0.16,22.2,0.3,0.0,0.3
ASHRAE_7598,Female,45.0,Office,0.79,1.2,21.7,40.4,0.07,21.8,-0.2,0.0,-0.2
ASHRAE_7610,Female,53.0,Office,0.92,1.4,17.1,55.0,0.11,17.4,-0.6,0.0,-0.6
ASHRAE_7638,Female,45.0,Office,0.96,1.5,22.5,41.5,0.13,22.4,0.5,0.0,0.5
ASHRAE_7646,Female,47.0,Office,0.92,1.1,20.9,42.0,0.16,21.2,-0.6,0.0,-0.6
ASHRAE_7659,Female,58.0,Office,0.87,1.6,19.6,45.1,0.08,20.0,0.1,0.0,0.1
ASHRAE_7664,Female,45.0,Office,0.95,1.1,20.7,42.8,0.08,20.7,-0.6,0.0,-0.6
ASHRAE_7715,Female,30.0,Office,0.57,1.4,22.9,42.5,0.09,22.9,0.0,0.0,0.0
ASHRAE_7733,Female,53.0,Office,0.45,1.1,23.8,31.2,0.11,24.8,-0.8,0.0,-0.8
ASHRAE_7742,Female,44.0,Office,0.44,1.4,22.6,33.9,0.19,23.3,-0.6,0.0,-0.6
ASHRAE_7743,Female,40.0,Office,0.56,1.1,23.0,33.0,0.17,24.0,-0.8,0.0,-0.8
ASHRAE_7746,Female,64.0,Office,0.53,1.6,22.3,37.3,0.18,23.0,-0.1,0.0,-0.1
ASHRAE_7751,Female,40.0,Office,0.4,1.0,22.0,35.6,0.13,22.9,-1.8,0.0,-1.8
ASHRAE_7773,Female,24.0,Office,0.67,1.4,24.8,30.0,0.14,25.1,0.4,0.0,0.4
ASHRAE_7780,Female,39.0,Office,0.61,1.5,23.6,32.2,0.19,24.0,0.2,0.0,0.2
ASHRAE_7789,Female,38.0,Office,0.49,1.0,23.3,31.9,0.2,24.1,-1.3,0.0,-1.3
ASHRAE_7799,Female,39.0,Office,0.61,1.4,20.7,40.7,0.16,21.6,-0.5,0.0,-0.5
ASHRAE_7805,Female,27.0,Office,0.46,1.3,22.1,39.4,0.19,23.6,-0.8,0.0,-0.8
ASHRAE_7810,Female,36.0,Office,0.65,1.4,22.4,40.2,0.14,22.8,-0.1,0.0,-0.1
ASHRAE_7818,Female,36.0,Office,0.33,1.4,23.4,65.0,0.23,24.3,-0.6,0.0,-0.6
ASHRAE_7821,Female,45.0,Office,0.4,1.4,24.6,57.2,0.16,24.7,0.1,0.0,0.1
ASHRAE_7826,Female,24.0,Office,0.34,1.1,24.6,59.9,0.21,24.9,-0.9,0.0,-0.9
ASHRAE_7842,Female,45.0,Office,0.44,1.4,20.7,40.3,0.23,22.1,-1.2,0.0,-1.2
ASHRAE_7846,Female,58.0,Office,0.62,1.5,24.1,33.9,0.09,24.7,0.5,0.0,0.5
ASHRAE_7865,Female,51.0,Office,0.57,1.7,24.0,41.7,0.17,24.3,0.5,0.0,0.5
ASHRAE_7887,Female,40.0,Office,0.4,1.5,24.9,41.5,0.24,24.8,0.0,0.0,0.0
ASHRAE_7892,Female,49.0,Office,0.68,1.2,24.8,41.9,0.25,24.7,0.0,0.0,0.0
ASHRAE_7897,Female,20.0,Office,0.53,1.6,24.3,43.5,0.13,24.4,0.5,0.0,0.5
ASHRAE_7901,Female,33.0,Office,0.6,1.4,24.1,44.4,0.14,24.4,0.3,0.0,0.3
ASHRAE_7904,Female,44.0,Office,0.41,1.5,24.2,44.5,0.27,24.2,-0.1,0.0,-0.1
ASHRAE_7906,Female,42.0,Office,0.48,1.7,25.0,42.0,0.18,25.1,0.6,0.0,0.6
ASHRAE_7916,Female,25.0,Office,0.3,1.4,25.1,41.2,0.19,25.2,-0.3,0.0,-0.3
ASHRAE_7917,Female,50.0,Office,0.57,1.0,24.3,42.0,0.23,24.8,-0.8,0.0,-0.8
ASHRAE_7920,Female,37.0,Office,0.52,1.1,23.8,43.8,0.16,24.1,-0.8,0.0,-0.8
ASHRAE_7923,Female,30.0,Office,0.68,1.6,24.3,43.2,0.16,24.6,0.6,0.0,0.6
ASHRAE_7930,Female,56.0,Office,0.46,1.4,23.2,66.1,0.21,23.4,-0.4,0.0,-0.4
ASHRAE_7933,Female,42.0,Office,0.52,1.2,21.3,62.1,0.52,24.6,-1.5,0.0,-1.5
ASHRAE_7943,Female,36.0,Office,0.45,1.1,23.8,56.6,0.31,24.7,-1.0,0.0,-1.0
ASHRAE_7964,Female,44.0,Office,0.61,1.5,24.7,42.6,0.16,24.9,0.5,0.0,0.5
ASHRAE_7965,Female,25.0,Office,0.54,1.4,24.1,44.2,0.19,24.4,0.1,0.0,0.1
ASHRAE_7966,Female,19.0,Office,0.43,1.4,24.0,43.7,0.17,24.6,-0.1,0.0,-0.1
ASHRAE_7968,Female,31.0,Office,0.56,1.5,24.6,42.3,0.15,24.9,0.5,0.0,0.5
ASHRAE_7969,Female,50.0,Office,0.41,1.5,23.4,45.2,0.28,24.6,-0.3,0.0,-0.3
ASHRAE_7970,Female,43.0,Office,0.66,1.4,23.8,43.1,0.15,24.5,0.3,0.0,0.3
ASHRAE_7973,Female,20.0,Office,0.48,1.1,24.3,42.7,0.18,24.5,-0.6,0.0,-0.6
ASHRAE_8004,Female,42.0,Office,0.48,1.2,22.8,52.8,0.14,22.9,-0.7,0.0,-0.7
ASHRAE_8008,Female,28.0,Office,0.53,1.3,23.0,45.2,0.33,22.9,-0.8,0.0,-0.8
ASHRAE_8011,Female,24.0,Office,0.54,1.3,24.2,45.4,0.12,24.4,0.1,0.0,0.1
ASHRAE_8019,Female,48.0,Office,0.29,1.3,23.0,49.8,0.31,23.9,-1.5,0.0,-1.5
ASHRAE_8028,Female,66.0,Office,0.69,1.0,21.3,54.9,0.15,21.9,-1.2,0.0,-1.2
ASHRAE_8031,Female,28.0,Office,0.69,1.3,22.5,53.1,0.16,22.9,-0.1,0.0,-0.1
ASHRAE_8032,Female,29.0,Office,0.69,1.1,23.2,51.0,0.14,23.3,-0.4,0.0,-0.4
ASHRAE_8034,Female,53.0,Office,0.69,1.2,22.9,50.4,0.13,23.5,-0.1,0.0,-0.1
ASHRAE_8035,Female,54.0,Office,0.49,1.4,22.4,52.6,0.16,22.8,-0.4,0.0,-0.4
ASHRAE_8039,Female,43.0,Office,0.75,1.4,22.5,46.7,0.2,22.6,0.0,0.0,0.0
ASHRAE_8041,Female,51.0,Office,0.78,1.1,22.9,43.4,0.14,22.9,-0.3,0.0,-0.3
ASHRAE_8044,Female,53.0,Office,0.68,1.1,24.0,40.3,0.2,24.0,-0.4,0.0,-0.4
ASHRAE_8064,Female,29.0,Office,0.78,1.2,21.6,44.3,0.19,22.2,-0.4,0.0,-0.4
ASHRAE_8070,Female,50.0,Office,0.62,1.0,23.7,37.7,0.13,24.0,-0.6,0.0,-0.6
ASHRAE_8087,Female,56.0,Office,0.5,1.7,22.8,36.2,0.29,23.8,0.0,0.0,0.0
ASHRAE_8093,Female,50.0,Office,0.68,1.5,19.9,42.5,0.19,20.6,-0.6,0.0,-0.6
ASHRAE_8094,Female,42.0,Office,0.54,1.5,20.3,45.2,0.22,21.0,-0.8,0.0,-0.8
ASHRAE_8095,Female,36.0,Office,0.79,1.4,23.3,34.1,0.22,23.6,0.1,0.0,0.1
ASHRAE_8098,Female,34.0,Office,0.55,1.6,22.3,39.3,0.14,22.9,0.1,0.0,0.1
ASHRAE_8105,Female,32.0,Office,0.58,1.2,22.6,41.9,0.21,22.7,-0.7,0.0,-0.7
ASHRAE_8107,Female,40.0,Office,0.44,1.6,22.7,41.1,0.11,22.9,0.0,0.0,0.0
ASHRAE_8110,Female,41.0,Office,0.65,1.3,23.1,41.0,0.13,23.3,-0.1,0.0,-0.1
ASHRAE_8126,Female,46.0,Office,0.49,1.4,24.1,55.4,0.24,25.9,0.1,0.0,0.1
ASHRAE_8147,Female,28.0,Office,0.48,1.0,21.0,32.2,0.17,21.4,-2.2,0.0,-2.2
ASHRAE_8160,Female,26.0,Office,0.65,1.5,22.7,44.7,0.19,22.8,0.0,0.0,0.0
ASHRAE_8161,Female,26.0,Office,0.49,1.1,22.3,45.5,0.21,22.3,-1.6,0.0,-1.6
ASHRAE_8199,Female,49.0,Office,0.39,1.1,24.3,32.7,0.17,24.5,-1.1,0.0,-1.1
ASHRAE_8205,Female,26.0,Office,0.52,1.1,22.6,32.4,0.21,23.5,-1.2,0.0,-1.2
ASHRAE_8212,Female,48.0,Office,0.62,1.4,23.4,31.3,0.16,23.8,0.0,0.0,0.0
ASHRAE_8236,Female,24.0,Office,0.49,1.1,22.1,34.9,0.18,23.3,-1.4,0.0,-1.4
ASHRAE_8237,Female,29.0,Office,0.48,1.1,22.7,32.8,0.16,23.9,-1.1,0.0,-1.1
ASHRAE_8246,Female,40.0,Office,0.65,1.5,23.1,32.5,0.17,24.0,0.2,0.0,0.2
ASHRAE_8253,Female,35.0,Office,0.4,1.2,24.6,60.0,0.41,25.5,-0.8,0.0,-0.8
ASHRAE_8288,Female,30.0,Office,0.44,1.4,22.3,42.1,0.17,22.8,-0.5,0.0,-0.5
ASHRAE_8304,Female,46.0,Office,0.48,1.1,25.2,27.9,0.23,27.9,-0.2,0.0,-0.2
