ID,C1.Sex,C2.Age,B2.Building Function,D5.Clothing Insulation (clo),D6.Metabolic Rate (met),E1.Indoor Air Temperature (℃),E2.Indoor Relative Humidity (%),E3.Indoor Air Velocity (m/s),F2.Mean Radiant Temperature (℃),F4.PMV,D1.TSV,Ideal PMV
Class_I_12,Female,18-30,Bedroom,1.21,1.0,20.7,28,0.0,24.5,0.17,0.0,0.17
Class_I_13,Female,18-30,Bedroom,1.24,1.0,20.5,30,0.0,24.5,0.2,0.0,0.2
Class_I_14,Female,31-40,Bedroom,0.98,1.0,20.5,30,0.0,24.5,-0.15,0.0,-0.15
Class_I_17,Male,＞60,Bedroom,1.5,1.0,18.6,30,0.0,21.3,-0.06,0.0,-0.06
Class_I_18,Female,＞60,Bedroom,1.45,1.0,18.6,30,0.0,21.3,-0.12,0.0,-0.12
Class_I_20,Male,18-30,Bedroom,1.48,1.0,18.6,30,0.0,21.2,-0.1,0.0,-0.1
Class_I_21,Female,18-30,Bedroom,1.2,1.1,18.6,30,0.0,21.2,-0.22,0.0,-0.22
Class_I_22,Male,41-50,Bedroom,1.29,1.0,17.9,48,0.0,20.8,-0.44,0.0,-0.44
Class_I_24,Female,18-30,Bedroom,1.37,1.0,17.9,48,0.0,20.8,-0.33,0.0,-0.33
Class_I_207,Female,18-30,Bedroom,0.74,1.0,20.4,48,0.0,23.1,-0.91,0.0,-0.91
Class_I_208,Female,18-30,Bedroom,0.74,1.0,20.4,48,0.0,23.1,-0.91,0.0,-0.91
Class_I_209,Female,18-30,Bedroom,0.87,1.0,20.4,48,0.0,23.1,-0.62,0.0,-0.62
Class_I_210,Female,18-30,Bedroom,0.74,1.0,20.4,48,0.0,23.1,-0.91,0.0,-0.91
Class_I_211,Female,18-30,Bedroom,1.02,1.0,20.9,43,0.0,21.8,-0.47,0.0,-0.47
Class_I_212,Female,18-30,Bedroom,0.74,1.0,20.9,43,0.0,21.8,-1.05,0.0,-1.05
Class_I_215,Female,18-30,Bedroom,0.68,1.0,19.8,40,0.0,21.3,-1.4,0.0,-1.4
Class_I_216,Female,18-30,Bedroom,0.74,1.0,19.8,40,0.0,21.3,-1.24,0.0,-1.24
Class_I_217,Female,18-30,Bedroom,0.91,1.0,19.8,40,0.0,21.3,-0.84,0.0,-0.84
Class_I_218,Female,18-30,Bedroom,0.64,1.0,19.8,40,0.0,21.3,-1.52,0.0,-1.52
Class_I_219,Female,18-30,Bedroom,0.9,1.0,19.8,47,0.0,21.4,-0.87,0.0,-0.87
Class_I_221,Female,18-30,Bedroom,0.82,1.0,19.8,47,0.0,21.4,-1.05,0.0,-1.05
Class_I_231,Male,31-40,Living room,0.77,1.0,23.6,34,0.0,23.1,-0.5,0.0,-0.5
Class_I_235,Female,51-60,Bedroom,1.07,1.0,21.8,35,0.0,21.8,-0.32,0.0,-0.32
Class_I_261,Female,18-30,Bedroom,0.95,1.0,21.2,39,0.0,20.5,-0.81,0.0,-0.81
Class_I_263,Female,18-30,Bedroom,1.48,1.0,21.2,39,0.0,20.5,-0.01,0.0,-0.01
Class_I_264,Female,18-30,Bedroom,0.96,1.0,22.8,30,0.0,22.1,-0.45,0.0,-0.45
Class_I_268,Female,31-40,Bedroom,0.96,1.0,20.5,38,0.0,19.9,-0.96,0.0,-0.96
Class_I_272,Female,31-40,Bedroom,0.49,1.0,20.9,51,0.0,20.0,-2.04,0.0,-2.04
Class_I_275,Female,18-30,Bedroom,1.48,1.0,20.9,51,0.0,20.0,0.05,0.0,0.05
Class_I_1644,Male,51-60,Living room,0.68,1.0,22.0,33,0.0,18.8,-1.58,0.0,-1.58
Class_I_1645,Male,51-60,Bedroom,0.68,1.0,21.0,47,0.06,17.3,-1.86,0.0,-1.86
Class_I_1646,Female,18-30,Living room,1.24,1.0,22.0,33,0.0,18.8,-0.43,0.0,-0.43
Class_I_1652,Male,18-30,Bedroom,1.01,1.0,21.0,48,0.06,17.9,-1.02,0.0,-1.02
Class_I_1653,Male,18-30,Living room,1.01,1.0,22.0,33,0.0,18.8,-0.82,0.0,-0.82
Class_I_1657,Female,18-30,Living room,1.12,1.1,18.3,41,0.14,19.6,-0.64,0.0,-0.64
Class_I_1658,Male,≥61,Bedroom,1.47,1.0,19.4,44,0.07,16.7,-0.54,0.0,-0.54
Class_I_1659,Male,≥61,Living room,1.47,1.0,18.3,41,0.14,19.6,-0.39,0.0,-0.39
Class_I_1660,Male,18-30,Bedroom,0.96,1.0,19.4,44,0.07,16.7,-1.46,0.0,-1.46
Class_I_1663,Male,18-30,Bedroom,1.01,1.0,19.4,44,0.07,16.7,-1.33,0.0,-1.33
Class_I_1664,Female,18-30,Living room,1.21,1.1,18.3,41,0.14,19.6,-0.49,0.0,-0.49
Class_I_1665,Female,18-30,Bedroom,1.21,1.1,19.4,44,0.07,16.7,-0.63,0.0,-0.63
Class_I_1666,Female,18-30,Bedroom,1.24,1.0,19.4,44,0.07,16.7,-0.88,0.0,-0.88
Class_I_1667,Female,18-30,Living room,1.24,1.0,18.3,41,0.14,19.6,-0.73,0.0,-0.73
Class_I_1668,Male,51-60,Living room,1.0,1.0,20.4,48,0.08,19.2,-0.9,0.0,-0.9
Class_I_1670,Male,51-60,Bedroom,1.0,1.0,22.6,43,0.13,21.7,-0.29,0.0,-0.29
Class_I_1672,Female,18-30,Bedroom,1.12,1.1,22.6,43,0.13,21.7,0.11,0.0,0.11
Class_I_1673,Female,18-30,Living room,1.12,1.1,20.4,48,0.08,19.2,-0.39,0.0,-0.39
Class_I_1693,Female,18-30,Bedroom,1.12,1.1,19.9,42,0.0,17.2,-0.66,0.0,-0.66
Class_I_1694,Female,18-30,Bedroom,1.12,1.1,19.9,43,0.0,19.4,-0.45,0.0,-0.45
Class_I_1695,Female,18-30,Living room,1.12,1.1,19.1,46,0.1,18.8,-0.62,0.0,-0.62
Class_I_1706,Male,18-30,Bedroom,1.01,1.0,19.9,42,0.0,17.2,-1.19,0.0,-1.19
Class_I_1707,Male,18-30,Bedroom,1.01,1.0,19.9,43,0.0,19.4,-0.95,0.0,-0.95
Class_I_1710,Female,18-30,Bedroom,1.21,1.1,19.9,42,0.0,17.2,-0.52,0.0,-0.52
Class_I_1715,Female,18-30,Bedroom,1.24,1.0,19.9,43,0.0,19.4,-0.54,0.0,-0.54
Class_I_1720,Female,≥61,Living room,1.28,1.0,22.0,36,0.1,21.5,-0.06,0.0,-0.06
Class_I_1721,Female,≥61,Bedroom,1.28,1.0,23.3,35,0.02,21.9,0.17,0.0,0.17
Class_I_1729,Male,18-30,Bedroom,1.01,1.0,23.3,35,0.02,21.9,-0.2,0.0,-0.2
Class_I_1734,Female,18-30,Living room,1.21,1.0,22.3,34,0.09,20.8,-0.22,0.0,-0.22
Class_I_1738,Female,18-30,Living room,1.12,1.0,22.3,34,0.09,20.8,-0.35,0.0,-0.35
Class_I_1740,Male,18-30,Living room,1.01,1.0,22.3,34,0.09,20.7,-0.57,0.0,-0.57
Class_I_1744,Female,18-30,Living room,1.24,1.0,22.3,34,0.09,20.8,-0.18,0.0,-0.18
Class_I_1746,Female,41-50,Living room,0.85,1.0,20.7,49,0.0,20.2,-1.03,0.0,-1.03
Class_I_1747,Female,41-50,Bedroom,0.85,1.0,24.0,48,0.0,19.2,-0.68,0.0,-0.68
Class_I_1751,Female,18-30,Living room,1.12,1.1,20.7,49,0.0,20.2,-0.24,0.0,-0.24
Class_I_1755,Male,18-30,Bedroom,1.01,1.0,24.0,48,0.0,19.2,-0.38,0.0,-0.38
Class_I_1764,Female,51-60,Bedroom,0.91,1.0,21.7,39,0.0,21.1,-0.69,0.0,-0.69
Class_I_1765,Female,51-60,Bedroom,0.91,1.0,23.9,36,0.04,21.9,-0.32,0.0,-0.32
Class_I_1772,Female,18-30,Bedroom,1.21,1.1,21.7,39,0.0,21.1,0.03,0.0,0.03
Class_I_1774,Female,18-30,Bedroom,1.24,1.0,21.7,39,0.0,21.1,-0.16,0.0,-0.16
Class_I_1775,Female,18-30,Living room,1.24,1.0,21.5,40,0.02,20.5,-0.26,0.0,-0.26
Class_I_1776,Female,18-30,Bedroom,1.24,1.1,23.9,36,0.04,21.9,0.35,0.0,0.35
Class_I_1780,Male,18-30,Bedroom,1.01,1.0,23.9,36,0.04,21.9,-0.15,0.0,-0.15
Class_I_1782,Male,18-30,Living room,1.01,1.0,21.5,40,0.02,20.5,-0.62,0.0,-0.62
Class_I_1786,Male,≥61,Bedroom,1.43,1.1,14.7,60,0.0,11.0,-1.28,0.0,-1.28
Class_I_1798,Female,≥61,Bedroom,1.14,1.1,13.3,69,0.24,11.1,-1.93,0.0,-1.93
Class_I_1802,Male,≥61,Bedroom,1.43,1.0,14.5,57,0.01,13.1,-1.28,0.0,-1.28
Class_I_1805,Female,18-30,Bedroom,1.21,1.1,14.5,57,0.01,13.1,-1.32,0.0,-1.32
Class_I_1806,Female,≥61,Bedroom,1.14,1.1,18.1,69,0.01,12.8,-1.18,0.0,-1.18
Class_I_1808,Male,18-30,Bedroom,0.84,1.1,18.1,69,0.01,12.8,-1.88,0.0,-1.88
Class_I_1814,Female,≥61,Bedroom,1.21,1.1,12.5,56,0.0,11.6,-1.92,0.0,-1.92
Class_I_1815,Male,≥61,Bedroom,1.36,1.0,12.5,56,0.0,11.6,-2.03,0.0,-2.03
Class_I_1818,Male,18-30,Bedroom,1.06,1.1,13.6,63,0.0,11.5,-2.13,0.0,-2.13
Class_I_1820,Female,18-30,Bedroom,0.58,1.0,21.1,52,0.03,20.8,-1.16,0.0,-1.16
Class_I_1822,Female,51-60,Bedroom,1.17,1.0,13.6,68,0.02,13.1,-2.1,0.0,-2.1
Class_I_1825,Male,≥61,Bedroom,1.2,1.0,13.7,63,0.01,13.4,-1.93,0.0,-1.93
Class_I_1826,Female,≥61,Bedroom,1.29,1.0,16.1,58,0.0,16.0,-1.23,0.0,-1.23
Class_I_1834,Female,18-30,Bedroom,1.13,1.1,13.0,63,0.01,11.1,-2.05,0.0,-2.05
Class_I_1837,Male,18-30,Bedroom,0.55,1.1,11.5,69,0.0,11.3,-4.0,0.0,-2.5
Class_I_1838,Female,≥61,Bedroom,1.43,1.0,12.7,64,0.0,12.7,-1.59,0.0,-1.59
Class_I_1842,Male,18-30,Bedroom,1.07,1.1,13.0,60,0.05,12.8,-2.05,0.0,-2.05
Class_I_1843,Male,≥61,Bedroom,1.31,1.0,13.0,57,0.05,12.4,-1.98,0.0,-1.98
Class_I_1844,Female,≥61,Bedroom,1.44,1.0,13.0,60,0.05,12.8,-1.66,0.0,-1.66
Class_I_1850,Female,18-30,Bedroom,1.13,1.0,13.4,74,0.0,11.5,-2.25,0.0,-2.25
Class_I_1851,Male,18-30,Bedroom,1.07,1.1,12.8,56,0.01,12.5,-2.13,0.0,-2.13
Class_I_1853,Male,≥61,Bedroom,1.23,1.0,12.8,56,0.01,12.5,-2.2,0.0,-2.2
Class_I_1854,Female,≥61,Bedroom,1.42,1.0,11.1,66,0.02,10.3,-2.05,0.0,-2.05
Class_I_1855,Female,18-30,Bedroom,1.13,1.1,11.1,66,0.02,10.3,-2.27,0.0,-2.27
Class_I_1868,Female,18-30,Bedroom,1.3,1.0,12.5,69,0.0,12.7,-1.97,0.0,-1.97
Class_I_1872,Female,≥61,Bedroom,1.46,1.0,12.4,59,0.0,12.1,-1.75,0.0,-1.75
Class_I_1875,Male,18-30,Bedroom,0.55,1.1,12.9,57,0.01,12.6,-3.98,0.0,-2.5
Class_I_1876,Female,18-30,Bedroom,1.3,1.1,12.4,59,0.0,12.1,-1.66,0.0,-1.66
Class_I_1877,Female,≥61,Bedroom,1.36,1.0,11.5,52,0.0,11.5,-2.15,0.0,-2.15
Class_I_1879,Female,18-30,Bedroom,1.3,1.1,11.5,52,0.0,11.5,-1.85,0.0,-1.85
Class_I_1884,Female,18-30,Bedroom,0.85,1.0,20.0,84,0.06,18.8,-1.11,0.0,-1.11
Class_I_1891,Male,18-30,Bedroom,0.44,1.0,22.3,50,0.05,20.3,-1.93,0.0,-1.93
Class_I_1892,Male,18-30,Bedroom,0.17,1.0,22.3,50,0.05,20.3,-3.24,0.0,-2.5
Class_I_1893,Female,18-30,Bedroom,0.85,1.2,22.3,48,0.05,18.6,-0.37,0.0,-0.37
Class_I_1897,Male,18-30,Bedroom,0.42,1.0,23.0,51,0.02,19.7,-2.0,0.0,-2.0
Class_I_1898,Female,18-30,Bedroom,1.01,1.2,23.0,51,0.02,19.7,0.02,0.0,0.02
Class_I_1899,Male,18-30,Bedroom,0.64,1.2,23.0,45,0.01,22.5,-0.31,0.0,-0.31
Class_I_1902,Female,18-30,Bedroom,1.05,1.2,23.0,45,0.01,22.5,0.32,0.0,0.32
Class_I_1904,Female,18-30,Bedroom,1.01,1.2,24.5,36,0.0,22.7,0.43,0.0,0.43
Class_I_1909,Female,18-30,Bedroom,0.8,1.2,20.1,71,0.06,19.4,-0.62,0.0,-0.62
Class_I_1911,Female,18-30,Bedroom,1.01,1.2,22.3,61,0.04,19.8,0.05,0.0,0.05
Class_I_1920,Female,18-30,Bedroom,0.86,1.2,25.1,62,0.02,22.4,0.49,0.0,0.49
Class_I_1929,Female,18-30,Bedroom,0.7,1.0,22.7,71,0.04,22.6,-0.56,0.0,-0.56
Class_I_1933,Male,18-30,Bedroom,0.86,1.2,23.6,35,0.0,21.3,-0.06,0.0,-0.06
Class_I_1948,Female,18-30,Bedroom,1.01,1.2,21.2,54,0.01,20.3,-0.08,0.0,-0.08
Class_I_1953,Male,18-30,Bedroom,0.93,1.2,17.2,54,0.0,16.3,-1.13,0.0,-1.13
Class_I_1958,Female,18-30,Bedroom,0.78,1.2,17.7,67,0.02,15.3,-1.49,0.0,-1.49
Class_I_1961,Female,18-30,Bedroom,1.03,1.2,17.5,71,0.05,16.7,-0.77,0.0,-0.77
Class_I_1964,Male,18-30,Bedroom,0.95,1.2,17.5,71,0.05,16.7,-0.93,0.0,-0.93
Class_I_1966,Male,18-30,Bedroom,0.64,1.0,17.5,74,0.05,16.6,-2.62,0.0,-2.5
Class_I_1967,Male,18-30,Bedroom,0.91,1.2,19.3,58,0.04,18.0,-0.73,0.0,-0.73
Class_I_1968,Male,18-30,Bedroom,0.64,1.0,19.3,58,0.04,18.3,-2.12,0.0,-2.12
Class_I_1969,Female,18-30,Bedroom,0.86,1.0,21.1,35,0.03,18.8,-1.23,0.0,-1.23
Class_I_1970,Male,18-30,Bedroom,0.39,1.0,21.1,35,0.03,18.8,-2.79,0.0,-2.5
Class_I_1971,Male,18-30,Bedroom,0.7,1.2,21.1,33,0.03,19.9,-0.82,0.0,-0.82
Class_I_1972,Female,18-30,Bedroom,1.03,1.2,18.6,47,0.01,17.7,-0.7,0.0,-0.7
Class_I_1974,Female,18-30,Bedroom,1.03,1.2,21.1,33,0.03,19.9,-0.23,0.0,-0.23
Class_I_1976,Male,18-30,Bedroom,0.25,1.0,19.6,51,0.01,19.1,-3.8,0.0,-2.5
Class_I_1981,Female,18-30,Bedroom,1.09,1.2,21.1,61,0.02,22.6,0.28,0.0,0.28
Class_I_1983,Male,18-30,Bedroom,0.68,1.2,21.1,61,0.02,22.6,-0.37,0.0,-0.37
Class_I_1984,Female,18-30,Bedroom,1.01,1.2,21.7,45,0.08,17.8,-0.37,0.0,-0.37
Class_I_1988,Female,18-30,Bedroom,0.83,1.2,21.7,45,0.08,17.8,-0.69,0.0,-0.69
Class_I_1991,Male,18-30,Bedroom,0.71,1.2,21.7,45,0.08,17.8,-0.94,0.0,-0.94
Class_I_1995,Male,18-30,Bedroom,0.36,1.0,22.0,55,0.05,19.4,-2.47,0.0,-2.47
Class_I_2004,Male,18-30,Bedroom,0.16,1.0,22.7,54,0.0,22.6,-2.67,0.0,-2.5
Class_I_2005,Female,18-30,Bedroom,1.01,1.2,22.7,52,0.0,23.6,0.42,0.0,0.42
Class_I_2007,Female,18-30,Bedroom,0.83,1.0,24.0,33,0.02,22.8,-0.3,0.0,-0.3
Class_I_2009,Male,18-30,Bedroom,0.37,1.0,24.0,33,0.02,22.8,-1.46,0.0,-1.46
Class_I_2010,Male,18-30,Bedroom,0.35,1.0,22.7,54,0.0,22.6,-1.76,0.0,-1.76
Class_I_2011,Male,18-30,Bedroom,0.31,1.0,24.0,33,0.02,22.8,-1.68,0.0,-1.68
Class_I_2013,Male,18-30,Bedroom,0.36,1.0,21.8,66,0.05,20.2,-2.31,0.0,-2.31
Class_I_2014,Female,18-30,Bedroom,1.05,1.2,21.8,63,0.05,20.2,0.06,0.0,0.06
Class_I_2015,Female,18-30,Bedroom,1.05,1.2,22.5,41,0.05,20.8,0.07,0.0,0.07
Class_I_2016,Male,18-30,Bedroom,0.51,1.0,22.5,41,0.05,20.7,-1.65,0.0,-1.65
Class_I_2020,Female,18-30,Bedroom,1.05,1.2,23.3,34,0.0,22.3,0.29,0.0,0.29
Class_I_2023,Male,18-30,Bedroom,0.29,1.0,23.3,34,0.0,22.4,-2.01,0.0,-2.01
Class_I_2024,Male,18-30,Bedroom,0.27,1.0,23.3,34,0.0,22.4,-2.1,0.0,-2.1
Class_I_2025,Female,18-30,Bedroom,0.63,1.2,23.3,34,0.0,22.3,-0.35,0.0,-0.35
Class_I_2026,Female,18-30,Bedroom,0.55,1.2,22.8,50,0.01,21.1,-0.69,0.0,-0.69
Class_I_2027,Male,18-30,Bedroom,0.29,1.0,22.8,52,0.01,20.7,-2.37,0.0,-2.37
Class_I_2096,Female,18-30,Bedroom,0.39,1.0,30.1,45,0.07,27.3,0.67,0.0,0.67
Class_I_2097,Female,18-30,Bedroom,0.51,1.0,30.1,45,0.07,27.3,0.87,0.0,0.87
Class_I_2102,Female,18-30,Bedroom,0.33,1.0,30.1,45,0.07,27.3,0.55,0.0,0.55
Class_I_2108,Male,18-30,Bedroom,0.5,1.2,27.6,45,0.1,27.1,0.77,0.0,0.77
Class_I_2110,Female,18-30,Bedroom,0.46,1.0,27.6,46,0.1,27.3,0.41,0.0,0.41
Class_I_2111,Male,18-30,Bedroom,0.67,1.0,27.6,46,0.1,27.3,0.74,0.0,0.74
Class_I_2115,Male,18-30,Bedroom,0.4,1.0,28.8,48,0.06,27.8,0.57,0.0,0.57
Class_I_2146,Male,18-30,Bedroom,0.22,1.2,24.5,87,0.4,22.9,-1.76,0.0,-1.76
Class_I_2153,Female,18-30,Bedroom,0.57,1.0,23.6,80,0.38,22.6,-1.08,0.0,-1.08
Class_I_2158,Female,18-30,Bedroom,0.4,1.2,23.6,80,0.38,22.6,-1.0,0.0,-1.0
Class_I_2168,Female,18-30,Bedroom,0.89,1.0,24.1,69,0.3,25.3,0.13,0.0,0.13
Class_I_2169,Male,18-30,Bedroom,0.62,1.2,23.7,70,0.14,24.0,-0.36,0.0,-0.36
Class_I_2171,Male,18-30,Bedroom,1.11,1.0,24.1,69,0.3,25.3,0.47,0.0,0.47
Class_I_4406,Female,18-30,Bedroom,1.23,1.0,25.0,71,0.01,25.0,1.06,0.0,1.06
Class_I_4408,Male,18-30,Bedroom,0.86,1.0,25.2,82,0.1,25.4,0.65,0.0,0.65
Class_I_4409,Male,18-30,Bedroom,0.74,1.0,25.2,82,0.1,25.4,0.46,0.0,0.46
Class_I_4410,Male,18-30,Bedroom,0.89,1.0,25.2,82,0.1,25.4,0.69,0.0,0.69
Class_I_4411,Male,18-30,Bedroom,0.65,1.0,25.2,82,0.1,25.4,0.3,0.0,0.3
Class_I_4412,Male,18-30,Bedroom,0.77,1.0,25.2,82,0.1,25.4,0.51,0.0,0.51
Class_I_4420,Female,18-30,Bedroom,0.58,1.0,25.0,85,0.16,24.3,-0.14,0.0,-0.14
Class_I_4430,Male,18-30,Bedroom,0.62,1.0,27.2,60,0.1,26.7,0.66,0.0,0.66
Class_I_4431,Female,18-30,Bedroom,0.74,1.0,27.2,60,0.1,26.7,0.83,0.0,0.83
Class_I_4432,Female,18-30,Bedroom,0.63,1.0,27.2,60,0.1,26.7,0.68,0.0,0.68
Class_I_4433,Female,18-30,Bedroom,0.85,1.0,27.2,60,0.1,26.7,0.97,0.0,0.97
Class_I_4434,Male,18-30,Bedroom,0.9,1.0,27.2,60,0.1,26.7,1.03,0.0,1.03
Class_I_4435,Male,18-30,Bedroom,0.94,1.0,26.8,80,0.1,26.3,1.11,0.0,1.11
Class_I_4436,Female,18-30,Bedroom,0.46,1.0,26.8,80,0.1,26.3,0.37,0.0,0.37
Class_I_4438,Male,18-30,Bedroom,0.72,1.0,26.8,80,0.1,26.3,0.83,0.0,0.83
Class_I_4444,Female,18-30,Bedroom,0.81,1.0,24.5,59,0.16,24.1,0.12,0.0,0.12
Class_I_4447,Female,18-30,Bedroom,0.46,1.0,26.7,42,0.2,25.7,-0.56,0.0,-0.56
Class_I_4448,Female,18-30,Bedroom,0.68,1.0,26.7,42,0.2,25.7,0.01,0.0,0.01
Class_I_4449,Male,18-30,Bedroom,1.26,1.0,26.7,42,0.2,25.7,0.86,0.0,0.86
Class_I_4451,Male,18-30,Bedroom,0.67,1.0,25.6,67,0.07,26.1,0.44,0.0,0.44
Class_I_4466,Male,18-30,Bedroom,1.26,1.0,25.6,67,0.07,26.1,1.14,0.0,1.14
Class_I_4474,Female,18-30,Bedroom,0.83,1.0,27.7,44,0.16,27.5,0.86,0.0,0.86
Class_I_4475,Male,24,Dormitory,0.92,1.0,24.2,63,0.09,22.3,0.02,0.0,0.02
Class_I_4476,Male,23,Dormitory,0.58,1.0,24.2,63,0.09,22.3,-0.67,0.0,-0.67
Class_I_4484,Female,21-23,Dormitory,0.83,1.0,22.2,71,0.08,19.2,-0.82,0.0,-0.82
Class_I_4485,Male,21-23,Dormitory,0.9,1.0,23.1,63,0.09,20.6,-0.41,0.0,-0.41
Class_I_4487,Male,21-23,Dormitory,0.9,1.0,23.1,63,0.09,20.6,-0.41,0.0,-0.41
Class_I_4488,Male,24-26,Dormitory,0.78,1.0,23.1,63,0.09,20.6,-0.65,0.0,-0.65
Class_I_4490,Male,24-26,Dormitory,0.82,1.0,23.1,63,0.09,20.6,-0.57,0.0,-0.57
Class_I_4492,Male,21-23,Dormitory,0.95,1.0,22.7,61,0.11,19.6,-0.42,0.0,-0.42
Class_I_4493,Male,21-23,Dormitory,0.63,1.0,29.2,51,0.11,21.0,-0.17,0.0,-0.17
Class_I_4496,Male,21-23,Dormitory,0.71,1.0,29.2,51,0.11,21.0,-0.01,0.0,-0.01
Class_I_4497,Male,21-23,Dormitory,0.7,1.0,24.1,60,0.09,21.6,-0.47,0.0,-0.47
Class_I_4498,Male,21-23,Dormitory,0.7,1.0,24.1,60,0.09,21.6,-0.47,0.0,-0.47
Class_I_4538,Female,18-30,Dormitory,0.8,1.0,22.7,68,0.08,19.7,-0.76,0.0,-0.76
Class_I_4867,Male,18-30,Dormitory,0.94,1.0,17.7,35,0.1,16.5,-1.86,0.0,-1.86
Class_I_4881,Female,61,Living room,0.52,1.0,23.5,59,0.06,22.8,-0.92,0.0,-0.92
Class_I_4882,Female,68,Living room,0.78,1.0,23.5,59,0.06,22.8,-0.29,0.0,-0.29
Class_I_4883,Female,68,Living room,0.46,1.0,22.9,49,0.06,21.5,-1.54,0.0,-1.54
Class_I_4885,Female,72,Living room,0.68,1.2,21.0,34,0.06,21.7,-0.66,0.0,-0.66
Class_II_42,Male,18-30,Living room,1.17,1.0,24.7,29,0.0,25.3,0.53,0.0,0.53
Class_II_43,Male,18-30,Living room,1.1,1.0,25.0,26,0.0,25.3,0.46,0.0,0.46
Class_II_61,Female,18-30,Bedroom,0.99,1.0,16.2,37,0.0,17.2,-1.79,0.0,-1.79
Class_II_72,Female,18-30,Living room,0.99,1.0,25.3,20,0.0,28.1,0.81,0.0,0.81
Class_II_77,Female,18-30,Living room,1.02,1.0,20.9,44,0.0,22.9,-0.25,0.0,-0.25
Class_II_133,Female,18-30,Bedroom,1.12,1.0,21.8,35,0.0,24.9,0.27,0.0,0.27
Class_II_134,Female,18-30,Bedroom,0.61,1.0,21.5,36,0.0,24.9,-0.58,0.0,-0.58
Class_II_135,Female,18-30,Bedroom,0.68,1.0,21.5,33,0.0,23.2,-0.89,0.0,-0.89
Class_II_140,Female,18-30,Bedroom,0.82,1.0,20.7,31,0.0,22.6,-0.81,0.0,-0.81
Class_II_145,Female,18-30,Bedroom,0.75,1.0,18.4,34,0.0,20.0,-1.74,0.0,-1.74
Class_II_179,Male,30,Living room,1.19,1.2,17.8,46,0.1,19.7,-0.26,0.0,-0.26
Class_II_182,Male,40,Living room,1.19,1.2,16.0,26,0.04,19.3,-0.48,0.0,-0.48
Class_II_183,Female,39,Living room,1.48,1.2,16.0,26,0.04,19.3,-0.12,0.0,-0.12
Class_II_189,Female,37,Living room,1.17,1.2,17.6,37,0.05,19.7,-0.33,0.0,-0.33
Class_II_200,Female,33,Living room,1.46,1.2,17.9,29,0.08,21.7,0.19,0.0,0.19
Class_II_204,Male,38,Living room,1.19,1.2,18.5,49,0.07,20.2,-0.12,0.0,-0.12
Class_II_214,Male,16,Living room,1.19,1.2,17.3,25,0.08,19.6,-0.32,0.0,-0.32
Class_II_224,Female,35,Living room,1.17,1.2,20.0,43,0.04,19.5,-0.14,0.0,-0.14
Class_II_225,Male,35,Living room,1.19,1.2,20.0,43,0.04,19.5,-0.12,0.0,-0.12
Class_II_230,Female,69,Living room,1.17,1.2,19.2,27,0.08,21.1,-0.09,0.0,-0.09
Class_II_231,Male,71,Living room,1.19,1.2,19.2,27,0.08,21.1,-0.06,0.0,-0.06
Class_II_239,Male,36,Living room,0.81,1.2,19.1,38,0.08,21.9,-0.36,0.0,-0.36
Class_II_241,Female,60,Living room,1.17,1.2,19.1,38,0.08,21.9,0.16,0.0,0.16
Class_II_246,Female,63,Living room,1.19,1.2,20.0,47,0.12,22.5,0.3,0.0,0.3
Class_II_248,Male,44,Living room,1.19,1.2,20.5,29,0.06,22.2,0.19,0.0,0.19
Class_II_249,Female,42,Living room,1.17,1.2,20.5,29,0.06,22.2,0.16,0.0,0.16
Class_II_251,Female,21,Living room,1.17,1.2,20.3,42,0.08,21.3,0.12,0.0,0.12
Class_II_253,Female,57,Living room,1.17,1.2,20.2,53,0.01,21.5,0.21,0.0,0.21
Class_II_255,Female,57,Living room,1.17,1.2,21.2,48,0.11,21.7,0.19,0.0,0.19
Class_II_258,Male,37,Living room,1.19,1.2,21.9,34,0.08,23.5,0.48,0.0,0.48
Class_II_259,Female,35,Living room,1.17,1.2,21.9,34,0.08,23.5,0.46,0.0,0.46
Class_II_263,Female,35,Living room,1.17,1.2,20.7,22,0.06,22.4,0.23,0.0,0.23
Class_II_264,Male,37,Living room,1.19,1.2,20.7,22,0.06,22.4,0.25,0.0,0.25
Class_II_265,Female,35,Living room,1.17,1.2,20.4,37,0.05,21.5,0.15,0.0,0.15
Class_II_266,Male,37,Living room,1.19,1.2,20.4,37,0.05,21.5,0.18,0.0,0.18
Class_II_267,Male,35,Living room,0.81,1.2,21.2,40,0.05,22.4,-0.09,0.0,-0.09
Class_II_268,Female,33,Living room,1.17,1.2,21.2,40,0.05,22.4,0.38,0.0,0.38
Class_II_269,Male,40,Living room,1.19,1.2,21.7,24,0.09,24.3,0.49,0.0,0.49
Class_II_270,Female,38,Living room,1.17,1.2,21.7,24,0.09,24.3,0.47,0.0,0.47
Class_II_271,Female,29,Living room,1.17,1.2,22.0,25,0.07,23.5,0.46,0.0,0.46
Class_II_272,Male,31,Living room,1.19,1.2,22.0,25,0.07,23.5,0.48,0.0,0.48
Class_II_273,Female,54,Living room,1.17,1.2,22.1,44,0.13,26.2,0.79,0.0,0.79
Class_II_274,Male,55,Living room,1.19,1.2,22.1,44,0.13,26.2,0.81,0.0,0.81
Class_II_276,Female,60,Living room,1.17,1.2,22.1,27,0.03,34.4,1.62,0.0,1.62
Class_II_278,Female,63,Living room,0.81,1.2,23.0,40,0.11,29.7,0.9,0.0,0.9
Class_II_279,Male,66,Living room,0.81,1.2,23.0,40,0.11,29.7,0.9,0.0,0.9
Class_II_396,Male,59,Living room,0.46,1.2,22.9,59,0.13,26.5,-0.06,0.0,-0.06
Class_II_398,Female,53,Living room,0.46,1.2,22.9,59,0.13,26.5,-0.06,0.0,-0.06
Class_II_399,Male,57,Living room,0.64,1.2,24.7,63,0.01,24.9,0.41,0.0,0.41
Class_II_402,Female,69,Living room,0.74,1.0,21.4,54,0.01,21.4,-1.0,0.0,-1.0
Class_II_406,Female,57,Living room,0.48,1.2,21.5,63,0.04,20.8,-1.04,0.0,-1.04
Class_II_407,Male,59,Living room,0.58,1.0,21.5,63,0.04,20.8,-1.46,0.0,-1.46
Class_II_411,Female,69,Living room,0.84,1.0,22.7,65,0.09,23.8,-0.11,0.0,-0.11
Class_II_412,Male,72,Living room,1.01,1.2,22.7,65,0.09,23.8,0.51,0.0,0.51
Class_II_413,Female,69,Living room,0.98,1.0,22.7,65,0.09,23.8,0.12,0.0,0.12
Class_II_414,Male,58,Living room,1.19,1.2,22.7,68,0.12,23.8,0.65,0.0,0.65
Class_II_418,Female,48,Living room,0.68,1.2,23.6,42,0.02,24.5,0.15,0.0,0.15
Class_II_424,Female,27,Living room,0.46,1.2,27.1,45,0.03,26.8,0.9,0.0,0.9
Class_II_426,Male,59,Living room,0.26,1.2,27.1,45,0.03,26.8,0.6,0.0,0.6
Class_II_429,Female,57,Living room,0.56,1.2,24.9,47,0.05,24.7,0.17,0.0,0.17
Class_II_431,Male,72,Living room,0.97,1.2,21.6,26,0.03,24.6,0.2,0.0,0.2
Class_II_432,Female,69,Living room,0.76,1.0,21.6,26,0.03,24.6,-0.6,0.0,-0.6
Class_II_433,Female,57,Living room,0.66,1.2,25.5,42,0.04,24.9,0.43,0.0,0.43
Class_II_440,Female,46,Living room,1.07,1.0,21.6,26,0.03,24.6,-0.06,0.0,-0.06
Class_II_443,Male,72,Living room,0.77,1.2,21.1,39,0.02,22.1,-0.34,0.0,-0.34
Class_II_445,Female,57,Living room,0.51,1.2,28.0,30,0.03,27.5,0.9,0.0,0.9
Class_II_446,Male,59,Living room,0.68,1.0,28.0,30,0.03,27.5,0.85,0.0,0.85
Class_II_447,Male,35,Living room,0.76,1.2,21.0,53,0.05,21.5,-0.39,0.0,-0.39
Class_II_448,Female,57,Living room,0.46,1.2,24.9,37,0.02,25.8,0.12,0.0,0.12
Class_II_452,Female,57,Living room,0.46,1.2,25.5,25,0.06,27.5,0.54,0.0,0.54
Class_II_453,Female,57,Living room,0.49,1.2,21.7,50,0.05,22.6,-0.74,0.0,-0.74
Class_II_454,Male,59,Living room,0.66,1.2,21.7,50,0.05,22.6,-0.35,0.0,-0.35
Class_II_457,Male,72,Living room,0.64,1.2,24.5,36,0.01,24.3,0.16,0.0,0.16
Class_II_458,Female,69,Living room,0.59,1.0,24.5,36,0.01,24.3,-0.4,0.0,-0.4
Class_II_461,Male,33,Living room,0.44,1.0,21.5,41,0.01,22.0,-1.84,0.0,-1.84
Class_II_462,Female,57,Living room,0.41,1.0,26.7,37,0.02,28.3,0.45,0.0,0.45
Class_II_464,Female,57,Living room,0.41,1.2,26.7,30,0.01,27.6,0.55,0.0,0.55
Class_II_465,Male,57,Living room,0.41,1.0,26.7,30,0.01,27.6,0.17,0.0,0.17
Class_II_468,Female,53,Living room,0.46,1.2,27.6,40,0.04,26.8,0.77,0.0,0.77
Class_II_469,Male,59,Living room,0.44,1.2,27.6,40,0.04,26.8,0.74,0.0,0.74
Class_II_474,Female,69,Living room,0.44,1.2,24.0,25,0.04,25.1,-0.22,0.0,-0.22
Class_II_477,Female,57,Living room,0.67,1.2,23.8,58,0.07,24.2,0.24,0.0,0.24
Class_II_478,Male,59,Living room,0.48,1.0,23.8,58,0.07,24.2,-0.67,0.0,-0.67
Class_II_479,Female,57,Living room,0.59,1.2,23.8,58,0.07,24.2,0.1,0.0,0.1
Class_II_480,Male,59,Living room,0.56,1.0,23.8,58,0.07,24.2,-0.46,0.0,-0.46
Class_II_486,Male,58,Living room,0.53,1.2,22.8,44,0.03,22.1,-0.67,0.0,-0.67
Class_II_487,Female,32,Living room,0.68,1.0,21.1,47,0.03,21.3,-1.26,0.0,-1.26
Class_II_488,Male,33,Living room,0.49,1.2,21.1,47,0.03,21.3,-1.09,0.0,-1.09
Class_II_489,Female,48,Living room,0.48,1.2,25.9,36,0.03,25.7,0.27,0.0,0.27
Class_II_491,Male,57,Living room,0.41,1.2,26.2,48,0.02,26.4,0.39,0.0,0.39
Class_II_1340,Female,20,Dormitory,0.44,1.0,22.7,46,0.02,22.2,-1.55,0.0,-1.55
Class_II_1343,Female,21,Dormitory,1.06,1.0,22.7,46,0.02,22.2,-0.11,0.0,-0.11
Class_II_1344,Female,20,Dormitory,0.48,1.0,23.8,46,0.04,22.7,-1.1,0.0,-1.1
Class_II_1346,Female,20,Dormitory,0.24,1.0,23.8,46,0.04,22.7,-1.98,0.0,-1.98
Class_II_1348,Female,20,Dormitory,0.44,1.0,22.8,45,0.08,22.3,-1.51,0.0,-1.51
Class_II_1349,Female,22,Dormitory,0.56,1.0,22.8,45,0.08,22.3,-1.13,0.0,-1.13
Class_II_1355,Male,20,Dormitory,0.54,1.0,22.3,50,0.05,22.9,-1.18,0.0,-1.18
Class_II_1364,Male,21,Dormitory,0.64,1.2,21.1,49,0.06,18.9,-0.84,0.0,-0.84
Class_II_1368,Male,20,Dormitory,0.84,1.0,22.6,47,0.04,20.6,-0.67,0.0,-0.67
Class_II_1369,Male,21,Dormitory,0.82,1.0,22.0,55,0.02,20.5,-0.71,0.0,-0.71
Class_II_1372,Male,21,Dormitory,0.71,1.0,23.5,47,0.04,20.6,-0.83,0.0,-0.83
Class_II_1377,Female,20,Dormitory,0.87,1.0,21.7,53,0.03,20.1,-0.81,0.0,-0.81
Class_II_1381,Male,21,Dormitory,1.09,1.0,19.8,53,0.11,20.4,-0.7,0.0,-0.7
Class_II_1384,Male,20,Dormitory,0.48,1.0,18.9,46,0.06,21.2,-2.37,0.0,-2.37
Class_II_1392,Male,20,Dormitory,1.02,1.0,20.6,36,0.09,21.5,-0.63,0.0,-0.63
Class_II_1396,Female,20,Dormitory,0.48,1.0,17.3,28,0.07,20.2,-3.09,0.0,-2.5
Class_II_1398,Female,22,Dormitory,1.01,1.0,22.9,39,0.06,23.6,-0.04,0.0,-0.04
Class_II_1399,Male,19,Dormitory,1.02,1.0,21.2,40,0.06,22.2,-0.4,0.0,-0.4
Class_II_1403,Male,21,Dormitory,0.78,1.0,21.7,39,0.06,22.1,-0.69,0.0,-0.69
Class_II_1409,Female,20,Dormitory,0.54,1.0,19.8,36,0.04,20.6,-2.08,0.0,-2.08
Class_II_1416,Male,21,Dormitory,0.82,1.0,24.0,40,0.05,24.2,-0.1,0.0,-0.1
Class_II_1418,Male,19,Dormitory,0.82,1.0,24.0,40,0.05,24.2,-0.1,0.0,-0.1
Class_II_1426,Female,20,Dormitory,0.75,1.0,22.2,34,0.01,22.7,-0.73,0.0,-0.73
Class_II_1434,Male,20,Dormitory,0.72,1.0,21.2,37,0.04,21.6,-1.17,0.0,-1.17
Class_II_1435,Male,18,Dormitory,0.92,1.0,22.4,30,0.03,22.4,-0.46,0.0,-0.46
Class_II_1436,Male,20,Dormitory,1.23,1.0,21.9,35,0.06,22.2,-0.06,0.0,-0.06
Class_II_1442,Male,21,Dormitory,1.32,1.0,22.4,30,0.03,22.4,0.11,0.0,0.11
Class_II_1445,Male,21,Dormitory,0.58,1.0,22.5,33,0.05,22.6,-1.18,0.0,-1.18
Class_II_1451,Male,20,Dormitory,0.89,1.0,23.4,39,0.06,24.1,-0.07,0.0,-0.07
Class_II_1455,Male,21,Dormitory,1.0,1.0,24.4,48,0.05,24.2,0.33,0.0,0.33
Class_II_1463,Female,20,Dormitory,0.45,1.0,24.0,39,0.01,23.6,-1.02,0.0,-1.02
Class_II_1466,Male,21,Dormitory,0.78,1.0,24.5,49,0.06,24.6,0.07,0.0,0.07
Class_II_1471,Male,19,Dormitory,0.9,1.0,22.3,42,0.02,22.9,-0.35,0.0,-0.35
Class_II_1474,Female,21,Dormitory,1.35,1.0,17.2,28,0.02,19.8,-0.7,0.0,-0.7
Class_II_1479,Male,21,Dormitory,0.72,1.0,20.3,39,0.04,20.3,-1.61,0.0,-1.61
Class_II_1487,Female,20,Dormitory,1.49,1.0,17.2,28,0.02,19.8,-0.51,0.0,-0.51
Class_II_1495,Female,20,Dormitory,0.45,1.0,22.6,39,0.02,22.5,-1.44,0.0,-1.44
Class_II_1499,Male,19,Dormitory,1.28,1.0,21.5,39,0.03,21.5,-0.11,0.0,-0.11
Class_II_1500,Male,19,Dormitory,0.9,1.0,22.3,42,0.02,22.9,-0.35,0.0,-0.35
Class_II_1502,Male,20,Dormitory,0.98,1.0,20.9,42,0.04,20.6,-0.71,0.0,-0.71
Class_II_1504,Male,20,Dormitory,1.0,1.0,21.8,45,0.07,22.3,-0.32,0.0,-0.32
Class_II_1505,Female,20,Dormitory,0.5,1.0,20.1,40,0.02,20.3,-2.21,0.0,-2.21
Class_II_1506,Male,19,Dormitory,1.26,1.0,23.0,43,0.06,22.8,0.26,0.0,0.26
Class_II_1509,Male,21,Dormitory,0.73,1.0,20.9,42,0.04,20.6,-1.28,0.0,-1.28
Class_II_1510,Male,21,Dormitory,0.72,1.0,20.9,40,0.08,20.7,-1.32,0.0,-1.32
Class_II_1515,Male,21,Dormitory,0.87,1.0,20.9,42,0.04,20.6,-0.94,0.0,-0.94
Class_II_1518,Male,21,Dormitory,0.65,1.0,23.5,46,0.05,23.5,-0.56,0.0,-0.56
Class_II_1522,Female,20,Dormitory,0.43,1.0,23.8,41,0.02,22.9,-1.19,0.0,-1.19
Class_II_1523,Female,21,Dormitory,1.46,1.0,19.2,29,0.0,20.5,-0.25,0.0,-0.25
Class_II_1528,Female,22,Dormitory,0.42,1.0,24.1,31,0.0,24.3,-1.02,0.0,-1.02
Class_II_1543,Male,20,Dormitory,0.9,1.0,23.0,33,0.09,23.5,-0.21,0.0,-0.21
Class_II_1545,Female,20,Dormitory,0.4,1.0,21.2,24,0.01,21.6,-2.21,0.0,-2.21
Class_II_1546,Female,21,Dormitory,0.99,1.0,19.4,25,0.03,21.9,-0.59,0.0,-0.59
Class_II_1549,Male,20,Dormitory,0.77,1.0,23.5,31,0.09,23.9,-0.32,0.0,-0.32
Class_II_1552,Male,19,Dormitory,1.28,1.0,23.2,30,0.06,24.0,0.38,0.0,0.38
Class_II_1556,Male,21,Dormitory,0.42,1.2,23.2,35,0.08,23.6,-0.66,0.0,-0.66
Class_II_1557,Female,20,Dormitory,0.73,1.0,26.3,37,0.01,24.3,0.02,0.0,0.02
Class_II_1562,Female,20,Dormitory,0.45,1.0,22.9,34,0.01,24.0,-1.25,0.0,-1.25
Class_II_1565,Male,21,Dormitory,0.42,1.0,24.5,49,0.06,24.7,-0.7,0.0,-0.7
Class_II_1566,Male,21,Dormitory,0.42,1.0,24.5,49,0.06,24.7,-0.7,0.0,-0.7
Class_II_1568,Female,20,Dormitory,0.62,1.0,22.9,34,0.01,24.0,-0.78,0.0,-0.78
Class_II_1569,Female,20,Dormitory,0.5,1.0,22.9,34,0.01,35.3,0.87,0.0,0.87
Class_II_1575,Female,20,Dormitory,0.67,1.0,26.3,37,0.01,24.3,-0.09,0.0,-0.09
Class_II_1580,Male,21,Dormitory,0.66,1.0,22.9,42,0.04,21.9,-0.91,0.0,-0.91
Class_II_1585,Male,20,Dormitory,0.68,1.0,22.9,42,0.04,21.9,-0.86,0.0,-0.86
Class_II_1589,Male,21,Dormitory,1.01,1.0,21.5,29,0.06,19.6,-0.78,0.0,-0.78
Class_II_1591,Female,21,Dormitory,0.69,1.0,21.2,35,0.0,22.3,-1.1,0.0,-1.1
Class_II_1593,Female,21,Dormitory,1.23,1.0,21.2,35,0.0,22.3,-0.1,0.0,-0.1
Class_II_1594,Male,20,Dormitory,0.99,1.0,21.8,34,0.04,21.1,-0.55,0.0,-0.55
Class_II_1598,Male,21,Dormitory,0.84,1.0,22.0,40,0.06,20.8,-0.82,0.0,-0.82
Class_II_1599,Male,21,Dormitory,1.31,1.0,21.2,41,0.07,19.9,-0.23,0.0,-0.23
Class_II_1604,Male,20,Dormitory,1.01,1.0,22.5,44,0.08,22.0,-0.24,0.0,-0.24
Class_II_1605,Male,19,Dormitory,1.19,1.0,23.1,43,0.04,23.1,0.22,0.0,0.22
Class_II_1606,Female,20,Dormitory,0.48,1.0,21.7,30,0.01,21.9,-1.77,0.0,-1.77
Class_II_1607,Male,21,Dormitory,1.31,1.0,24.7,44,0.1,24.1,0.63,0.0,0.63
Class_II_1609,Female,21,Dormitory,0.48,1.0,20.5,26,0.01,21.8,-1.95,0.0,-1.95
Class_II_1611,Male,21,Dormitory,0.71,1.0,22.4,38,0.05,22.2,-0.86,0.0,-0.86
Class_II_1612,Male,20,Dormitory,0.93,1.0,22.4,38,0.05,22.2,-0.4,0.0,-0.4
Class_II_1613,Female,20,Dormitory,0.58,1.0,21.7,30,0.01,21.9,-1.44,0.0,-1.44
Class_II_1616,Female,20,Dormitory,0.49,1.0,23.4,44,0.01,23.3,-1.04,0.0,-1.04
Class_II_1617,Male,19,Dormitory,0.99,1.0,22.4,38,0.05,22.2,-0.3,0.0,-0.3
Class_II_1623,Male,21,Dormitory,0.62,1.0,22.9,39,0.03,22.1,-1.0,0.0,-1.0
Class_II_1625,Male,19,Dormitory,1.19,1.0,24.2,39,0.09,23.0,0.3,0.0,0.3
Class_II_1626,Female,21,Dormitory,1.26,1.0,17.3,25,0.03,18.9,-1.0,0.0,-1.0
Class_II_1629,Male,20,Dormitory,1.01,1.0,21.8,37,0.04,21.1,-0.5,0.0,-0.5
Class_II_1630,Male,21,Dormitory,0.74,1.0,23.8,40,0.04,23.2,-0.38,0.0,-0.38
Class_II_1639,Male,21,Dormitory,0.74,1.0,22.5,37,0.09,21.6,-0.86,0.0,-0.86
Class_II_1640,Male,20,Dormitory,1.01,1.0,21.8,37,0.04,21.1,-0.5,0.0,-0.5
Class_II_1643,Male,20,Dormitory,0.28,1.0,22.9,39,0.03,22.1,-2.17,0.0,-2.17
Class_II_1644,Female,20,Dormitory,0.54,1.0,17.3,25,0.03,18.9,-2.97,0.0,-2.5
Class_II_1645,Male,19,Dormitory,1.19,1.0,22.9,39,0.03,22.1,0.06,0.0,0.06
Class_II_1647,Male,19,Dormitory,1.27,1.0,25.0,37,0.01,24.5,0.67,0.0,0.67
Class_II_1651,Female,20,Dormitory,0.67,1.2,20.8,32,0.01,22.5,-0.46,0.0,-0.46
Class_II_1654,Male,19,Dormitory,0.99,1.0,23.8,30,0.03,24.0,0.08,0.0,0.08
Class_II_1661,Male,19,Dormitory,1.16,1.0,21.9,36,0.06,21.7,-0.19,0.0,-0.19
Class_II_1662,Male,21,Dormitory,0.82,1.0,21.9,36,0.06,21.7,-0.79,0.0,-0.79
Class_II_1667,Female,21,Dormitory,0.63,1.0,20.8,32,0.01,22.5,-1.16,0.0,-1.16
Class_II_1670,Female,20,Dormitory,0.79,1.0,23.5,31,0.05,23.6,-0.25,0.0,-0.25
Class_II_1671,Male,21,Dormitory,0.46,1.0,24.0,33,0.03,24.2,-0.9,0.0,-0.9
Class_II_1672,Male,20,Dormitory,0.46,1.0,23.7,36,0.02,24.4,-0.9,0.0,-0.9
Class_II_1675,Male,19,Dormitory,0.91,1.0,24.5,42,0.02,23.8,0.15,0.0,0.15
Class_II_1676,Female,19,Dormitory,0.44,1.0,23.5,31,0.05,23.6,-1.07,0.0,-1.07
Class_II_1678,Male,20,Dormitory,0.76,1.0,23.7,36,0.02,24.4,-0.21,0.0,-0.21
Class_II_1679,Male,21,Dormitory,0.53,1.0,22.3,42,0.03,25.0,-0.84,0.0,-0.84
Class_II_1680,Male,20,Dormitory,0.86,1.0,24.0,33,0.03,24.2,-0.03,0.0,-0.03
Class_II_1681,Female,21,Dormitory,1.09,1.0,20.9,32,0.02,22.2,-0.32,0.0,-0.32
Class_II_1682,Male,21,Dormitory,0.66,1.0,21.7,28,0.02,25.3,-0.71,0.0,-0.71
Class_II_1683,Female,20,Dormitory,0.84,1.0,20.9,32,0.02,22.2,-0.78,0.0,-0.78
Class_II_1685,Male,20,Dormitory,0.56,1.0,22.3,42,0.03,25.0,-0.76,0.0,-0.76
Class_II_1686,Male,19,Dormitory,1.02,1.0,22.3,42,0.03,25.0,0.13,0.0,0.13
Class_II_1691,Female,22,Dormitory,0.46,1.0,24.0,38,0.04,24.4,-0.76,0.0,-0.76
Class_II_1692,Female,20,Dormitory,0.49,1.0,21.2,34,0.01,22.5,-1.56,0.0,-1.56
Class_II_1695,Male,21,Dormitory,0.71,1.0,22.9,28,0.02,23.4,-0.63,0.0,-0.63
Class_II_1696,Male,20,Dormitory,0.68,1.0,22.9,28,0.02,23.4,-0.69,0.0,-0.69
Class_II_1700,Male,21,Dormitory,0.41,1.0,22.0,36,0.01,21.9,-1.92,0.0,-1.92
Class_II_1703,Male,20,Dormitory,0.76,1.0,22.1,31,0.03,23.1,-0.54,0.0,-0.54
Class_II_1706,Female,20,Dormitory,0.39,1.0,22.6,31,0.01,23.4,-1.52,0.0,-1.52
Class_II_1710,Male,21,Dormitory,0.41,1.0,21.2,29,0.03,21.9,-2.09,0.0,-2.09
Class_II_1711,Male,19,Dormitory,0.99,1.0,21.2,29,0.03,21.9,-0.54,0.0,-0.54
Class_II_1715,Male,19,Dormitory,0.74,1.0,22.0,38,0.04,22.7,-0.81,0.0,-0.81
Class_II_1716,Male,20,Dormitory,0.56,1.0,22.0,38,0.04,22.7,-1.29,0.0,-1.29
Class_II_1718,Female,20,Dormitory,0.74,1.0,20.6,23,0.02,22.1,-1.16,0.0,-1.16
Class_II_1720,Male,21,Dormitory,0.46,1.0,22.0,36,0.01,21.9,-1.74,0.0,-1.74
Class_II_1722,Male,20,Dormitory,0.61,1.0,21.9,24,0.02,22.3,-1.28,0.0,-1.28
Class_II_1723,Male,21,Dormitory,1.14,1.0,22.3,33,0.06,23.2,-0.03,0.0,-0.03
Class_II_1726,Male,21,Dormitory,0.41,1.0,21.8,39,0.01,21.7,-2.0,0.0,-2.0
Class_II_1727,Female,20,Dormitory,0.88,1.0,21.7,44,0.01,22.0,-0.59,0.0,-0.59
Class_II_1729,Male,20,Dormitory,0.56,1.0,21.5,42,0.04,21.8,-1.51,0.0,-1.51
Class_II_1730,Male,20,Dormitory,0.68,1.0,21.8,39,0.01,21.7,-1.13,0.0,-1.13
Class_II_1731,Male,19,Dormitory,0.71,1.0,21.8,39,0.01,21.7,-1.05,0.0,-1.05
Class_II_1734,Female,20,Dormitory,0.42,1.0,21.9,36,0.02,21.6,-1.95,0.0,-1.95
Class_II_1736,Male,21,Dormitory,0.71,1.0,21.3,45,0.02,21.0,-1.19,0.0,-1.19
Class_II_1738,Male,19,Dormitory,0.68,1.0,21.6,46,0.02,21.6,-1.12,0.0,-1.12
Class_II_1739,Male,21,Dormitory,0.71,1.0,21.6,46,0.02,21.6,-1.05,0.0,-1.05
Class_II_1740,Male,19,Dormitory,0.68,1.0,23.3,28,0.05,23.4,-0.67,0.0,-0.67
Class_II_1745,Female,20,Dormitory,0.44,1.0,23.6,35,0.02,23.7,-1.17,0.0,-1.17
Class_II_1750,Female,22,Dormitory,1.14,1.0,20.0,60,0.02,20.6,-0.44,0.0,-0.44
Class_II_1753,Female,19,Dormitory,0.64,1.0,20.0,60,0.02,20.6,-1.58,0.0,-1.58
Class_II_1756,Male,20,Dormitory,0.56,1.0,21.5,50,0.05,21.5,-1.49,0.0,-1.49
Class_II_1762,Female,20,Dormitory,0.58,1.0,20.9,63,0.02,20.9,-1.57,0.0,-1.57
Class_II_1764,Male,20,Dormitory,0.46,1.0,22.6,68,0.01,22.8,-1.23,0.0,-1.23
Class_II_1765,Male,20,Dormitory,0.81,1.0,22.6,68,0.01,22.8,-0.31,0.0,-0.31
Class_II_1766,Male,21,Dormitory,0.81,1.0,21.5,62,0.01,22.1,-0.65,0.0,-0.65
Class_II_1767,Male,21,Dormitory,0.41,1.0,22.0,57,0.02,21.8,-1.77,0.0,-1.77
Class_II_1778,Female,70,Bedroom,0.36,1.2,28.2,72,0.03,27.4,1.0,0.0,1.0
Class_II_1781,Female,30,Bedroom,0.35,1.2,26.9,84,0.01,26.9,0.76,0.0,0.76
Class_II_1782,Female,60,Bedroom,0.36,1.2,27.6,78,0.02,27.6,0.97,0.0,0.97
Class_II_1784,Male,20,Bedroom,0.36,1.2,27.0,79,0.01,26.8,0.73,0.0,0.73
Class_II_1785,Female,50,Bedroom,0.41,1.2,29.4,61,0.17,30.1,1.44,0.0,1.44
Class_II_1792,Female,20,Bedroom,0.35,1.2,28.1,75,0.03,27.9,1.07,0.0,1.07
Class_II_1795,Male,70,Bedroom,0.37,1.2,29.2,60,0.15,28.7,1.14,0.0,1.14
Class_II_1804,Male,40,Bedroom,0.78,1.2,23.0,77,0.17,23.0,0.03,0.0,0.03
Class_II_1806,Male,40,Bedroom,0.44,1.2,22.0,79,0.22,24.1,-0.93,0.0,-0.93
Class_II_1808,Female,50,Bedroom,0.78,1.2,21.0,81,0.3,23.3,-0.48,0.0,-0.48
Class_II_1809,Male,30,Bedroom,0.78,1.2,23.0,81,0.16,23.0,0.07,0.0,0.07
Class_II_1810,Male,40,Bedroom,0.68,1.2,23.0,82,0.17,23.0,-0.13,0.0,-0.13
Class_II_1813,Female,60,Bedroom,0.79,1.2,21.0,81,0.16,23.0,-0.24,0.0,-0.24
Class_II_1814,Male,40,Bedroom,0.56,1.2,23.0,78,0.11,24.8,0.0,0.0,0.0
Class_II_1815,Male,40,Bedroom,0.73,1.2,22.0,82,0.13,20.1,-0.43,0.0,-0.43
Class_II_1816,Female,40,Bedroom,0.79,1.2,21.0,79,0.17,23.0,-0.27,0.0,-0.27
Class_II_1817,Male,40,Bedroom,0.49,1.2,21.0,79,0.05,22.5,-0.79,0.0,-0.79
Class_II_1820,Female,40,Bedroom,0.7,1.2,22.0,79,0.17,20.0,-0.62,0.0,-0.62
Class_II_1823,Male,50,Bedroom,0.78,1.2,22.0,80,0.13,23.9,0.07,0.0,0.07
Class_II_1826,Male,30,Bedroom,0.81,1.2,21.0,79,0.22,25.3,-0.1,0.0,-0.1
Class_II_1830,Male,50,Bedroom,0.74,1.2,22.0,78,0.17,20.0,-0.53,0.0,-0.53
Class_II_1831,Male,40,Bedroom,0.78,1.2,23.0,80,0.18,23.0,0.03,0.0,0.03
Class_II_1832,Female,40,Bedroom,0.69,1.2,22.0,81,0.17,22.0,-0.4,0.0,-0.4
Class_II_1959,Male,50,Bedroom,0.4,1.2,20.4,84,0.38,21.2,-2.27,0.0,-2.27
Class_II_1961,Male,50,Bedroom,0.76,1.2,19.2,83,0.34,20.2,-1.24,0.0,-1.24
Class_II_1963,Male,20,Bedroom,0.4,1.2,18.3,86,0.19,19.7,-2.33,0.0,-2.33
Class_II_1974,Female,30,Bedroom,0.29,1.2,23.1,70,0.32,21.7,-1.93,0.0,-1.93
Class_II_1977,Male,60,Living room,0.53,1.2,27.1,72,0.89,24.5,-0.02,0.0,-0.02
Class_II_1985,Male,10,Living room,0.36,1.2,27.1,75,0.62,24.8,-0.37,0.0,-0.37
Class_II_1986,Male,40,Bedroom,0.36,1.2,25.2,72,0.13,23.5,-0.34,0.0,-0.34
Class_II_1987,Male,40,Bedroom,0.59,1.2,26.1,72,0.09,23.0,0.33,0.0,0.33
Class_II_1991,Male,20,Bedroom,0.36,1.2,25.3,79,0.02,26.6,0.36,0.0,0.36
Class_II_2000,Male,60,Bedroom,0.36,1.2,26.1,60,0.15,24.5,-0.15,0.0,-0.15
Class_II_2001,Male,65,Bedroom,0.49,1.2,24.9,60,0.09,25.2,0.19,0.0,0.19
Class_II_2003,Male,30,Bedroom,0.78,1.2,22.4,64,0.31,25.0,-0.17,0.0,-0.17
Class_II_2007,Female,30,Living room,0.36,1.2,25.1,72,0.31,23.2,-0.84,0.0,-0.84
Class_II_2011,Female,30,Bedroom,0.17,1.2,24.8,64,0.13,25.7,-0.64,0.0,-0.64
Class_II_2013,Male,60,Bedroom,0.37,1.2,25.1,68,0.08,24.8,-0.03,0.0,-0.03
Class_II_2017,Male,50,Bedroom,0.36,1.2,25.2,67,0.13,25.4,-0.08,0.0,-0.08
Class_II_2035,Male,30,Bedroom,0.26,1.2,27.4,81,0.41,27.1,-0.02,0.0,-0.02
Class_II_2115,Female,30,Living room,0.14,1.2,29.1,89,0.17,28.5,0.92,0.0,0.92
Class_II_2116,Female,20,Bedroom,0.36,1.2,29.2,87,0.53,29.2,1.08,0.0,1.08
Class_II_2137,Female,30,Bedroom,0.42,1.2,27.1,64,0.15,27.6,0.66,0.0,0.66
Class_II_2209,Female,50,Bedroom,0.72,1.2,26.0,90,0.15,25.6,0.86,0.0,0.86
Class_II_2216,Male,40,Bedroom,0.29,1.2,25.9,88,0.12,25.9,0.17,0.0,0.17
Class_II_2217,Male,30,Bedroom,0.36,1.2,27.8,89,0.05,27.8,1.13,0.0,1.13
Class_II_2219,Female,40,Bedroom,0.36,1.2,27.5,90,0.25,27.5,0.64,0.0,0.64
Class_II_2220,Male,50,Bedroom,0.35,1.2,27.6,88,0.88,27.9,0.1,0.0,0.1
Class_II_2224,Female,70,Bedroom,0.42,1.2,27.9,88,0.1,27.7,1.15,0.0,1.15
Class_II_2229,Female,65,Living room,0.41,1.2,26.7,90,0.33,26.5,0.29,0.0,0.29
Class_II_2233,Male,70,Living room,0.35,1.2,26.1,86,0.69,25.8,-0.59,0.0,-0.59
Class_II_2236,Male,50,Bedroom,0.36,1.2,26.1,90,0.13,25.5,0.29,0.0,0.29
Class_II_2241,Female,50,Bedroom,0.35,1.2,26.2,90,0.01,26.1,0.52,0.0,0.52
Class_II_2242,Female,70,Bedroom,0.41,1.2,26.4,88,0.24,26.4,0.32,0.0,0.32
Class_II_2245,Male,50,Living room,0.28,1.2,26.4,90,0.09,26.2,0.44,0.0,0.44
Class_II_2247,Female,30,Bedroom,0.21,1.2,26.9,90,0.11,26.7,0.39,0.0,0.39
Class_II_2253,Male,30,Bedroom,0.14,1.2,27.0,75,0.03,27.1,0.3,0.0,0.3
Class_II_2255,Female,30,Bedroom,0.28,1.2,26.1,78,0.03,26.4,0.31,0.0,0.31
Class_II_2256,Male,50,Bedroom,0.13,1.2,26.5,75,0.11,26.3,-0.09,0.0,-0.09
Class_II_2258,Male,50,Bedroom,0.14,1.2,27.4,77,0.13,27.2,0.25,0.0,0.25
Class_II_2264,Male,40,Bedroom,0.13,1.2,27.7,78,0.05,27.7,0.58,0.0,0.58
Class_II_2267,Female,40,Bedroom,0.16,1.2,27.3,76,0.12,27.3,0.32,0.0,0.32
Class_II_2268,Male,65,Bedroom,0.35,1.2,27.2,77,0.03,27.1,0.78,0.0,0.78
Class_II_2271,Female,40,Bedroom,0.36,1.2,27.3,77,0.07,27.5,0.88,0.0,0.88
Class_II_2273,Female,40,Bedroom,0.16,1.2,27.1,78,0.02,27.1,0.38,0.0,0.38
Class_II_2274,Female,40,Bedroom,0.36,1.2,27.3,76,0.05,27.3,0.85,0.0,0.85
Class_II_2277,Female,30,Bedroom,0.26,1.2,26.9,76,0.06,26.7,0.49,0.0,0.49
Class_II_2289,Female,30,Bedroom,0.16,1.2,27.2,77,0.02,27.3,0.44,0.0,0.44
Class_II_2290,Female,40,Bedroom,0.35,1.2,27.7,76,0.02,27.6,0.96,0.0,0.96
Class_II_2291,Male,40,Bedroom,0.15,1.2,26.9,77,0.03,26.8,0.24,0.0,0.24
Class_II_2292,Female,30,Bedroom,0.15,1.2,26.6,76,0.02,26.7,0.16,0.0,0.16
Class_II_2293,Female,40,Bedroom,0.35,1.2,27.3,77,0.04,27.2,0.82,0.0,0.82
Class_II_2295,Male,30,Living room,0.42,1.2,27.3,71,0.21,27.7,0.66,0.0,0.66
Class_II_2296,Female,60,Bedroom,0.52,1.2,28.5,71,0.12,28.1,1.26,0.0,1.26
Class_II_2297,Male,40,Bedroom,0.41,1.2,29.0,74,0.03,30.1,1.67,0.0,1.67
Class_II_2298,Male,40,Bedroom,0.32,1.2,29.2,74,0.04,30.2,1.64,0.0,1.64
Class_II_2299,Male,30,Bedroom,0.34,1.2,29.4,74,0.09,29.2,1.48,0.0,1.48
Class_II_2300,Male,30,Bedroom,0.41,1.2,28.8,75,0.09,27.6,1.19,0.0,1.19
Class_II_2301,Female,40,Bedroom,0.41,1.2,29.3,76,0.11,28.6,1.4,0.0,1.4
Class_II_2302,Female,20,Bedroom,0.52,1.2,28.3,75,0.04,27.9,1.32,0.0,1.32
Class_II_2306,Male,30,Bedroom,0.44,1.2,27.7,75,0.09,27.9,1.08,0.0,1.08
Class_II_2308,Female,30,Bedroom,0.26,1.2,27.9,75,0.08,27.6,0.84,0.0,0.84
Class_II_2314,Male,60,Bedroom,0.41,1.2,27.6,70,0.11,27.2,0.83,0.0,0.83
Class_II_2320,Female,10,Bedroom,0.36,1.2,30.0,69,0.51,28.6,1.09,0.0,1.09
Class_II_2323,Female,30,Bedroom,0.25,1.2,30.1,68,0.15,29.7,1.42,0.0,1.42
Class_II_2325,Male,50,Bedroom,0.34,1.2,29.7,73,0.57,29.4,1.07,0.0,1.07
Class_II_2330,Male,30,Living room,0.27,1.2,29.1,79,0.96,28.4,0.35,0.0,0.35
Class_II_2334,Female,40,Bedroom,0.35,1.2,27.5,76,0.05,27.3,0.88,0.0,0.88
Class_II_2336,Male,50,Bedroom,0.26,1.2,27.5,75,0.11,28.2,0.77,0.0,0.77
Class_II_2337,Female,40,Bedroom,0.16,1.2,27.9,75,0.08,28.2,0.77,0.0,0.77
Class_II_2342,Female,30,Bedroom,0.35,1.2,28.2,75,0.61,26.5,0.19,0.0,0.19
Class_II_2344,Female,30,Bedroom,0.22,1.2,28.2,75,0.01,28.0,0.9,0.0,0.9
Class_II_2345,Female,50,Bedroom,0.16,1.2,28.1,74,0.01,28.3,0.83,0.0,0.83
Class_II_2347,Female,30,Bedroom,0.26,1.2,26.5,78,0.01,26.4,0.36,0.0,0.36
Class_II_2348,Female,40,Bedroom,0.13,1.2,26.5,77,0.03,26.9,0.12,0.0,0.12
Class_II_2350,Male,40,Living room,0.13,1.2,26.7,77,0.63,26.7,-1.36,0.0,-1.36
Class_II_2351,Male,30,Bedroom,0.13,1.2,27.1,75,0.03,27.2,0.32,0.0,0.32
Class_II_2355,Female,40,Bedroom,0.35,1.2,26.7,79,0.18,25.7,0.2,0.0,0.2
Class_II_2359,Female,30,Bedroom,0.28,1.2,27.3,76,0.09,27.8,0.78,0.0,0.78
Class_II_2370,Female,30,Bedroom,0.26,1.2,29.1,75,0.01,28.9,1.31,0.0,1.31
Class_II_2373,Female,30,Bedroom,0.26,1.2,29.1,77,0.67,28.5,0.49,0.0,0.49
Class_II_2376,Female,50,Bedroom,0.21,1.2,29.1,75,0.28,28.2,0.68,0.0,0.68
Class_II_2377,Female,30,Bedroom,0.15,1.2,29.3,74,0.67,28.7,0.17,0.0,0.17
Class_II_2378,Female,60,Bedroom,0.41,1.2,27.1,74,0.09,26.4,0.7,0.0,0.7
Class_II_2379,Male,20,Bedroom,0.36,1.2,27.6,74,0.06,27.1,0.86,0.0,0.86
Class_II_2383,Female,20,Bedroom,0.52,1.2,27.9,74,0.08,27.4,1.16,0.0,1.16
Class_II_2384,Female,60,Bedroom,0.71,1.2,27.3,74,0.08,26.6,1.17,0.0,1.17
Class_II_2385,Male,30,Bedroom,0.35,1.2,27.6,75,0.07,27.1,0.85,0.0,0.85
Class_II_2386,Male,30,Bedroom,0.35,1.2,27.6,75,0.07,27.1,0.85,0.0,0.85
Class_II_2387,Female,30,Bedroom,0.35,1.2,27.8,75,0.08,27.0,0.86,0.0,0.86
Class_II_2454,Male,40,Bedroom,0.26,1.2,28.1,78,0.08,27.6,0.91,0.0,0.91
Class_II_2476,Female,30,Bedroom,0.28,1.2,28.7,88,0.18,28.9,1.12,0.0,1.12
Class_II_2479,Male,40,Bedroom,0.35,1.2,29.5,87,0.21,30.1,1.57,0.0,1.57
Class_II_2579,Male,20,Bedroom,0.42,1.2,22.3,71,0.93,21.0,-2.45,0.0,-2.45
Class_II_2589,Female,20,Living room,0.27,1.2,22.4,80,0.38,22.4,-2.22,0.0,-2.22
Class_II_2592,Male,30,Living room,0.27,1.2,22.1,81,0.41,23.4,-2.25,0.0,-2.25
Class_II_2600,Female,20,Bedroom,0.35,1.2,22.5,80,0.44,23.0,-1.82,0.0,-1.82
Class_II_2604,Female,40,Bedroom,0.36,1.2,23.6,81,0.59,24.2,-1.53,0.0,-1.53
Class_II_2607,Male,30,Bedroom,0.27,1.2,23.7,81,0.58,24.3,-1.94,0.0,-1.94
Class_II_2710,Female,50,Bedroom,0.39,1.2,28.6,72,0.02,28.7,1.34,0.0,1.34
Class_II_2712,Male,60,Bedroom,0.4,1.2,31.2,75,0.83,31.5,1.89,0.0,1.89
Class_II_2715,Female,30,Bedroom,0.4,1.2,32.3,67,0.09,33.0,2.59,0.0,2.5
Class_II_2716,Female,30,Bedroom,0.16,1.2,30.8,80,0.31,31.0,1.63,0.0,1.63
Class_II_2719,Female,20,Bedroom,0.43,1.2,29.2,79,0.47,28.7,1.1,0.0,1.1
Class_II_2720,Female,30,Bedroom,0.43,1.2,28.8,79,0.46,28.8,1.01,0.0,1.01
Class_II_2722,Female,20,Bedroom,0.14,1.2,30.0,88,0.16,30.2,1.49,0.0,1.49
Class_II_2726,Male,20,Bedroom,0.4,1.2,29.7,83,0.98,28.7,1.04,0.0,1.04
Class_II_2767,Male,60,Bedroom,0.29,1.2,29.8,89,0.15,29.8,1.62,0.0,1.62
Class_II_2770,Female,65,Living room,0.29,1.2,29.9,88,0.12,29.9,1.7,0.0,1.7
Class_II_2774,Female,30,Bedroom,0.27,1.2,31.7,82,0.67,31.4,2.0,0.0,2.0
Class_II_2866,Male,50,Bedroom,0.24,1.2,29.8,40,0.01,32.3,1.74,0.0,1.74
Class_II_2867,Female,50,Bedroom,0.27,1.2,29.3,41,0.03,32.4,1.7,0.0,1.7
Class_II_2868,Male,20,Bedroom,0.27,1.2,30.4,40,0.03,31.8,1.79,0.0,1.79
Class_II_2869,Male,30,Bedroom,0.27,1.2,30.4,40,0.03,31.8,1.79,0.0,1.79
Class_II_2876,Female,30,Bedroom,0.27,1.2,29.3,87,0.48,28.2,0.79,0.0,0.79
Class_II_2877,Male,30,Bedroom,0.14,1.2,29.8,87,0.79,30.1,0.63,0.0,0.63
Class_II_2878,Male,60,Bedroom,0.27,1.2,30.0,87,0.54,29.4,1.18,0.0,1.18
Class_II_2879,Female,60,Bedroom,0.14,1.2,30.0,87,0.54,29.4,0.82,0.0,0.82
Class_II_2880,Male,60,Bedroom,0.14,1.2,29.6,89,0.45,30.1,0.9,0.0,0.9
Class_II_2881,Female,60,Bedroom,0.27,1.2,30.2,89,0.52,29.9,1.36,0.0,1.36
Class_II_2883,Male,60,Bedroom,0.14,1.2,30.1,90,0.49,28.7,0.82,0.0,0.82
Class_II_2884,Male,30,Bedroom,0.14,1.2,29.2,89,0.85,28.2,-0.03,0.0,-0.03
Class_II_2885,Female,20,Bedroom,0.27,1.2,29.6,89,0.73,28.7,0.81,0.0,0.81
Class_II_2886,Male,60,Bedroom,0.14,1.2,29.8,89,0.79,30.8,0.76,0.0,0.76
Class_II_2887,Female,60,Bedroom,0.14,1.2,30.6,90,0.73,29.7,1.01,0.0,1.01
Class_II_2888,Male,30,Bedroom,0.27,1.2,29.6,90,0.47,29.1,1.06,0.0,1.06
Class_II_2889,Female,30,Bedroom,0.25,1.2,29.6,90,0.47,29.1,1.01,0.0,1.01
Class_II_2890,Female,30,Bedroom,0.25,1.2,30.4,88,0.47,29.1,1.27,0.0,1.27
Class_II_2891,Male,30,Bedroom,0.25,1.2,29.9,89,0.58,29.3,1.07,0.0,1.07
Class_II_2896,Male,20,Bedroom,0.25,1.2,31.1,86,0.98,32.5,1.82,0.0,1.82
Class_II_2898,Male,65,Bedroom,0.27,1.2,31.1,85,0.47,31.6,1.93,0.0,1.93
Class_II_2899,Male,40,Bedroom,0.27,1.2,31.5,85,0.29,30.3,1.95,0.0,1.95
Class_II_2900,Female,10,Bedroom,0.27,1.2,31.5,85,0.29,30.3,1.95,0.0,1.95
Class_II_2902,Female,30,Bedroom,0.27,1.2,30.6,64,0.73,31.2,1.34,0.0,1.34
Class_II_2944,Female,60,Bedroom,0.29,1.2,32.6,48,0.72,33.8,2.36,0.0,2.36
Class_II_2986,Male,30,Bedroom,0.29,1.2,30.7,87,0.16,29.3,1.72,0.0,1.72
Class_II_2987,Female,30,Bedroom,0.27,1.2,30.7,87,0.81,31.7,1.64,0.0,1.64
Class_II_2989,Male,30,Living room,0.27,1.2,30.2,53,0.24,31.3,1.48,0.0,1.48
Class_II_2997,Male,30,Living room,0.27,1.2,31.4,55,0.08,33.6,2.39,0.0,2.39
Class_II_3003,Female,40,Bedroom,0.29,1.2,31.2,59,0.11,31.6,2.0,0.0,2.0
Class_II_3015,Male,60,Living room,0.29,1.2,38.2,51,0.88,37.2,5.09,0.0,2.5
Class_II_3033,Female,20,Bedroom,0.29,1.2,30.8,89,0.27,30.3,1.83,0.0,1.83
Class_II_3035,Female,73,Bedroom,0.37,1.2,30.9,86,0.21,31.7,2.18,0.0,2.18
Class_II_3047,Male,55,Bedroom,0.42,1.2,26.4,69,0.08,26.2,0.55,0.0,0.55
Class_II_3049,Female,40,Bedroom,0.41,1.2,27.1,77,0.11,26.7,0.72,0.0,0.72
Class_II_3051,Female,35,Bedroom,0.35,1.2,26.3,74,0.21,25.9,0.03,0.0,0.03
Class_II_3053,Female,25,Bedroom,0.35,1.2,27.1,66,0.04,27.0,0.65,0.0,0.65
Class_II_3054,Male,35,Bedroom,0.36,1.2,27.4,72,0.1,27.2,0.76,0.0,0.76
Class_II_3055,Female,45,Bedroom,0.36,1.2,27.8,71,0.03,27.1,0.87,0.0,0.87
Class_II_3057,Female,10,Bedroom,0.36,1.2,27.3,70,0.01,26.8,0.72,0.0,0.72
Class_II_3058,Male,15,Bedroom,0.36,1.2,27.9,81,0.03,27.0,0.97,0.0,0.97
Class_II_3059,Male,45,Bedroom,0.36,1.2,27.4,83,0.11,27.6,0.88,0.0,0.88
Class_II_3075,Female,23,Bedroom,0.27,1.2,29.7,87,0.06,30.0,1.77,0.0,1.77
Class_II_3082,Female,25,Bedroom,0.27,1.2,27.1,80,0.08,26.6,0.56,0.0,0.56
Class_II_3083,Female,45,Bedroom,0.36,1.2,30.0,88,0.27,29.3,1.53,0.0,1.53
Class_II_3086,Female,24,Living room,0.35,1.2,28.7,86,0.38,29.5,1.04,0.0,1.04
Class_II_3087,Male,35,Bedroom,0.36,1.2,30.0,88,0.27,29.5,1.56,0.0,1.56
Class_II_3088,Female,16,Bedroom,0.36,1.2,29.1,89,0.08,28.9,1.55,0.0,1.55
Class_II_3090,Female,70,Bedroom,0.42,1.2,30.0,89,0.13,29.4,1.77,0.0,1.77
Class_II_3092,Male,45,Bedroom,0.36,1.2,31.0,86,0.31,31.0,2.01,0.0,2.01
Class_II_3102,Male,62,Bedroom,0.41,1.2,27.3,75,0.13,27.7,0.83,0.0,0.83
Class_II_3115,Male,46,Bedroom,0.32,1.2,28.1,70,0.17,28.7,0.88,0.0,0.88
Class_II_3116,Female,45,Bedroom,0.46,1.2,28.1,70,0.17,28.7,1.1,0.0,1.1
Class_II_3117,Male,43,Bedroom,0.41,1.2,27.5,78,0.13,27.5,0.87,0.0,0.87
Class_II_3118,Female,35,Bedroom,0.21,1.2,27.8,76,0.08,27.8,0.77,0.0,0.77
Class_II_3121,Female,45,Bedroom,0.37,1.2,29.0,73,0.21,29.2,1.21,0.0,1.21
Class_II_3128,Male,43,Bedroom,0.41,1.2,26.9,73,0.38,27.7,0.31,0.0,0.31
Class_II_3129,Female,35,Bedroom,0.46,1.2,26.9,73,0.38,27.7,0.43,0.0,0.43
Class_II_3131,Male,23,Bedroom,0.41,1.2,29.3,71,0.27,29.3,1.26,0.0,1.26
Class_II_3132,Male,66,Bedroom,0.41,1.2,28.4,71,0.47,28.9,0.8,0.0,0.8
Class_II_3137,Male,43,Bedroom,0.41,1.2,28.3,73,0.37,28.5,0.82,0.0,0.82
Class_II_3146,Male,20,Bedroom,0.41,1.2,27.2,69,0.03,27.2,0.84,0.0,0.84
Class_II_3147,Male,15,Living room,0.41,1.2,28.3,70,0.35,28.3,0.78,0.0,0.78
Class_II_3157,Male,36,Bedroom,0.41,1.2,28.7,71,0.55,29.0,0.84,0.0,0.84
Class_II_3158,Female,55,Living room,0.39,1.2,29.3,75,0.68,29.3,0.99,0.0,0.99
Class_II_3159,Female,65,Living room,0.46,1.2,29.3,75,0.68,29.3,1.13,0.0,1.13
Class_II_3161,Male,31,Bedroom,0.46,1.2,29.1,72,0.28,29.6,1.32,0.0,1.32
Class_II_3162,Female,19,Bedroom,0.34,1.2,29.8,71,0.1,30.3,1.68,0.0,1.68
Class_II_3163,Male,45,Bedroom,0.41,1.2,28.7,72,0.33,28.9,1.01,0.0,1.01
Class_II_3164,Male,18,Living room,0.32,1.2,28.2,72,0.71,29.1,0.36,0.0,0.36
Class_II_3165,Female,35,Bedroom,0.21,1.2,27.7,73,0.26,28.1,0.27,0.0,0.27
Class_II_3166,Female,13,Bedroom,0.21,1.2,28.4,73,0.29,28.6,0.51,0.0,0.51
Class_II_3167,Male,33,Bedroom,0.41,1.2,28.9,72,0.26,29.1,1.16,0.0,1.16
Class_II_3170,Male,25,Bedroom,0.31,1.2,30.3,70,0.02,30.3,1.82,0.0,1.82
Class_II_3175,Male,59,Bedroom,0.41,1.2,27.4,73,0.49,27.9,0.38,0.0,0.38
Class_II_3177,Female,35,Bedroom,0.46,1.2,28.5,72,0.35,30.0,1.16,0.0,1.16
Class_II_3178,Female,35,Bedroom,0.45,1.2,29.5,72,0.03,29.5,1.68,0.0,1.68
Class_II_3180,Female,35,Bedroom,0.46,1.2,29.8,71,0.22,29.8,1.56,0.0,1.56
Class_II_3183,Female,15,Bedroom,0.45,1.2,32.1,68,0.01,32.2,2.52,0.0,2.5
Class_II_3185,Female,55,Bedroom,0.45,1.2,31.4,70,0.34,31.4,2.08,0.0,2.08
Class_II_3186,Male,15,Bedroom,0.41,1.2,30.8,70,0.77,31.1,1.68,0.0,1.68
Class_II_3187,Female,35,Bedroom,0.45,1.2,29.8,70,0.38,30.6,1.53,0.0,1.53
Class_II_3188,Female,21,Bedroom,0.46,1.2,29.5,71,0.19,29.9,1.55,0.0,1.55
Class_II_3195,Male,35,Bedroom,0.36,1.2,29.7,71,0.48,29.7,1.19,0.0,1.19
Class_II_3196,Male,35,Bedroom,0.36,1.2,28.1,78,0.08,27.4,1.03,0.0,1.03
Class_II_3200,Female,25,Bedroom,0.27,1.2,27.0,61,0.13,26.6,0.23,0.0,0.23
Class_II_3204,Female,74,Bedroom,0.36,1.2,32.0,57,0.03,32.1,2.34,0.0,2.34
Class_II_3208,Female,73,Bedroom,0.42,1.2,30.3,67,0.02,30.6,1.92,0.0,1.92
Class_II_3209,Male,77,Living room,0.36,1.2,29.8,78,0.21,29.6,1.49,0.0,1.49
Class_II_3223,Male,72,Living room,0.36,1.2,28.1,78,0.61,25.8,0.12,0.0,0.12
Class_II_3224,Female,70,Bedroom,0.36,1.2,30.1,79,0.11,29.6,1.69,0.0,1.69
Class_II_3229,Female,45,Bedroom,0.26,1.2,28.1,80,0.11,28.5,0.98,0.0,0.98
Class_II_3230,Male,45,Bedroom,0.36,1.2,28.1,80,0.37,30.1,0.94,0.0,0.94
Class_II_3231,Female,33,Bedroom,0.42,1.2,28.9,79,0.09,29.2,1.52,0.0,1.52
Class_II_3233,Female,70,Bedroom,0.42,1.2,27.9,87,0.18,28.3,1.07,0.0,1.07
Class_II_3234,Male,16,Bedroom,0.29,1.2,29.1,83,0.18,26.5,0.79,0.0,0.79
Class_II_3235,Female,25,Bedroom,0.36,1.2,28.3,82,0.37,27.3,0.61,0.0,0.61
Class_II_3251,Female,49,Bedroom,1.14,1.2,19.5,71,0.04,19.5,-0.11,0.0,-0.11
Class_II_3252,Female,58,Bedroom,0.78,1.2,19.6,48,0.05,19.6,-0.83,0.0,-0.83
Class_II_3255,Male,12,Bedroom,0.69,1.2,19.8,71,0.08,19.0,-0.95,0.0,-0.95
Class_II_3258,Male,63,Living room,0.78,1.2,17.9,56,0.79,18.5,-2.18,0.0,-2.18
Class_II_3259,Male,11,Bedroom,0.56,1.2,19.8,71,0.08,19.0,-1.31,0.0,-1.31
Class_II_3274,Female,30,Bedroom,0.81,1.2,22.2,61,0.03,21.5,-0.11,0.0,-0.11
Class_II_3275,Male,37,Bedroom,0.46,1.2,24.1,56,0.09,23.6,-0.28,0.0,-0.28
Class_II_3278,Female,40,Bedroom,0.81,1.2,21.7,64,0.01,21.2,-0.2,0.0,-0.2
Class_II_3286,Male,13,Bedroom,0.38,1.2,22.3,66,0.05,21.2,-1.11,0.0,-1.11
Class_II_3289,Male,42,Bedroom,0.62,1.2,20.6,81,0.08,20.3,-0.79,0.0,-0.79
Class_II_3297,Male,39,Bedroom,0.93,1.2,20.3,82,0.02,19.8,-0.25,0.0,-0.25
Class_II_3301,Female,42,Living room,0.45,1.2,20.2,79,0.03,19.9,-1.41,0.0,-1.41
Class_II_3307,Male,36,Bedroom,0.46,1.2,19.0,83,0.03,18.9,-1.74,0.0,-1.74
Class_II_3315,Male,48,Bedroom,0.36,1.2,24.9,67,0.02,24.4,-0.16,0.0,-0.16
Class_II_3317,Male,15,Bedroom,0.4,1.2,25.2,67,0.05,24.7,0.05,0.0,0.05
Class_II_3326,Male,15,Bedroom,0.27,1.2,25.2,67,0.05,24.7,-0.27,0.0,-0.27
Class_II_3328,Male,50,Bedroom,0.4,1.2,25.2,64,0.02,24.9,0.06,0.0,0.06
Class_II_3339,Male,23,Bedroom,0.6,1.2,23.3,90,0.04,23.0,0.03,0.0,0.03
Class_II_3346,Female,19,Living room,0.47,1.2,22.9,89,0.06,23.4,-0.29,0.0,-0.29
Class_II_3386,Male,23,Bedroom,0.53,1.2,21.9,83,0.19,21.5,-0.93,0.0,-0.93
Class_II_3389,Female,45,Bedroom,0.53,1.2,25.3,81,0.07,25.6,0.54,0.0,0.54
Class_II_3390,Female,10,Bedroom,0.53,1.2,25.3,81,0.07,25.6,0.54,0.0,0.54
Class_II_3391,Male,45,Bedroom,0.53,1.2,25.3,81,0.07,25.6,0.54,0.0,0.54
Class_II_3393,Male,55,Bedroom,0.42,1.2,21.9,83,0.19,21.5,-1.27,0.0,-1.27
Class_II_3396,Male,28,Bedroom,0.53,1.2,22.3,74,0.03,22.4,-0.48,0.0,-0.48
Class_II_3397,Male,55,Bedroom,0.42,1.2,22.3,74,0.03,22.4,-0.76,0.0,-0.76
Class_II_3398,Female,39,Bedroom,0.42,1.2,22.3,74,0.03,22.4,-0.76,0.0,-0.76
Class_II_3400,Female,43,Bedroom,0.53,1.2,22.4,71,0.12,23.0,-0.5,0.0,-0.5
Class_II_3402,Female,14,Bedroom,0.53,1.2,22.4,71,0.12,23.0,-0.5,0.0,-0.5
Class_II_3403,Male,76,Bedroom,0.53,1.2,22.4,71,0.12,23.0,-0.5,0.0,-0.5
Class_II_3404,Male,45,Bedroom,0.36,1.2,22.2,78,0.04,22.1,-1.0,0.0,-1.0
Class_II_3405,Female,45,Bedroom,0.42,1.2,22.2,78,0.04,22.1,-0.82,0.0,-0.82
Class_II_3406,Female,35,Bedroom,0.42,1.2,22.2,77,0.04,21.8,-0.86,0.0,-0.86
Class_II_3409,Female,42,Bedroom,0.53,1.2,21.7,75,0.07,21.2,-0.74,0.0,-0.74
Class_II_3410,Male,19,Bedroom,0.36,1.2,21.7,75,0.07,21.2,-1.24,0.0,-1.24
Class_II_3412,Female,48,Bedroom,0.42,1.2,21.7,75,0.07,21.2,-1.05,0.0,-1.05
Class_II_3413,Male,15,Bedroom,0.42,1.2,21.7,75,0.07,21.2,-1.05,0.0,-1.05
Class_II_3416,Male,19,Bedroom,0.42,1.2,21.7,88,0.09,21.4,-0.96,0.0,-0.96
Class_II_3417,Male,22,Bedroom,0.42,1.2,21.7,88,0.09,21.4,-0.96,0.0,-0.96
Class_II_3418,Female,38,Bedroom,0.35,1.2,23.9,75,0.03,23.8,-0.43,0.0,-0.43
Class_II_3419,Female,42,Bedroom,0.53,1.2,23.9,75,0.03,23.8,-0.01,0.0,-0.01
Class_II_3420,Female,48,Bedroom,0.42,1.2,23.9,75,0.03,23.8,-0.25,0.0,-0.25
Class_II_3421,Female,40,Bedroom,0.42,1.2,23.9,75,0.03,23.8,-0.25,0.0,-0.25
Class_II_3422,Female,47,Bedroom,0.42,1.2,23.9,75,0.03,23.8,-0.25,0.0,-0.25
Class_II_3423,Female,50,Bedroom,0.42,1.2,23.9,75,0.03,23.8,-0.25,0.0,-0.25
Class_II_3426,Female,30,Bedroom,0.35,1.2,20.7,73,0.12,20.5,-1.63,0.0,-1.63
Class_II_3429,Female,30,Bedroom,0.86,1.2,19.1,63,0.08,19.1,-0.71,0.0,-0.71
Class_II_3430,Male,20,Bedroom,0.4,1.2,21.0,57,0.01,20.8,-1.42,0.0,-1.42
Class_II_3433,Male,60,Bedroom,0.63,1.2,18.8,65,0.14,18.4,-1.5,0.0,-1.5
Class_II_3434,Male,60,Bedroom,0.6,1.2,21.8,66,0.16,21.4,-0.78,0.0,-0.78
Class_II_3435,Female,30,Bedroom,0.4,1.2,21.9,65,0.16,21.7,-1.3,0.0,-1.3
Class_II_3436,Female,30,Bedroom,0.61,1.2,21.4,64,0.07,21.4,-0.63,0.0,-0.63
Class_II_3437,Female,50,Bedroom,0.56,1.2,21.4,64,0.06,21.4,-0.76,0.0,-0.76
Class_II_3438,Male,65,Bedroom,0.87,1.2,22.0,68,0.46,21.5,-0.5,0.0,-0.5
Class_II_3439,Female,65,Bedroom,0.57,1.2,21.6,68,0.09,21.6,-0.65,0.0,-0.65
Class_II_3440,Male,60,Bedroom,0.39,1.2,22.2,68,0.02,21.7,-1.02,0.0,-1.02
Class_II_3441,Male,30,Bedroom,0.42,1.2,22.9,66,0.02,22.4,-0.71,0.0,-0.71
Class_II_3442,Female,50,Bedroom,0.53,1.2,22.3,70,0.01,21.9,-0.57,0.0,-0.57
Class_II_3444,Male,30,Bedroom,0.87,1.2,16.8,72,0.1,17.2,-1.18,0.0,-1.18
Class_II_3447,Female,60,Bedroom,0.94,1.2,18.8,67,0.13,17.3,-0.85,0.0,-0.85
Class_II_3449,Male,60,Bedroom,0.66,1.2,17.6,73,0.2,17.6,-1.86,0.0,-1.86
Class_II_3450,Female,40,Bedroom,0.49,1.2,17.5,74,0.09,17.8,-2.1,0.0,-2.1
Class_II_3454,Female,20,Bedroom,0.86,1.2,18.9,69,0.04,18.6,-0.76,0.0,-0.76
Class_II_3458,Female,50,Bedroom,1.14,1.2,17.9,75,0.1,17.5,-0.48,0.0,-0.48
Class_II_3463,Male,30,Bedroom,0.51,1.2,21.0,81,0.01,20.9,-0.94,0.0,-0.94
Class_II_3467,Male,30,Bedroom,0.51,1.2,21.0,83,0.01,20.5,-0.97,0.0,-0.97
Class_II_3469,Female,30,Bedroom,0.62,1.2,21.0,77,0.01,20.9,-0.67,0.0,-0.67
Class_II_3473,Male,20,Bedroom,0.56,1.2,20.7,82,0.01,20.5,-0.9,0.0,-0.9
Class_II_3474,Female,30,Bedroom,0.86,1.2,20.6,82,0.01,20.5,-0.25,0.0,-0.25
Class_II_3475,Male,30,Bedroom,0.51,1.2,20.4,82,0.01,20.4,-1.11,0.0,-1.11
Class_II_3477,Female,70,Bedroom,0.83,1.2,16.3,58,0.03,15.9,-1.53,0.0,-1.53
Class_II_3479,Female,65,Bedroom,0.98,1.2,16.3,40,0.06,16.6,-1.19,0.0,-1.19
Class_II_3481,Female,20,Living room,0.71,1.2,21.6,27,0.79,33.2,-0.45,0.0,-0.45
Class_II_3484,Male,40,Bedroom,0.42,1.2,17.6,45,0.14,17.2,-2.67,0.0,-2.5
Class_II_3485,Male,50,Bedroom,0.79,1.2,16.7,45,0.34,15.8,-2.2,0.0,-2.2
Class_II_3487,Male,20,Bedroom,0.79,1.2,16.8,64,0.03,16.2,-1.49,0.0,-1.49
Class_II_3498,Female,30,Bedroom,0.85,1.2,16.5,58,0.07,16.4,-1.4,0.0,-1.4
Class_II_3499,Male,50,Bedroom,1.03,1.2,18.8,47,0.08,19.2,-0.52,0.0,-0.52
Class_II_3502,Female,65,Bedroom,0.63,1.2,17.7,48,0.07,17.6,-1.73,0.0,-1.73
Class_II_3503,Male,20,Bedroom,0.53,1.2,17.8,49,0.11,17.8,-2.0,0.0,-2.0
Class_II_3504,Female,70,Bedroom,0.36,1.2,17.9,50,0.08,17.6,-2.68,0.0,-2.5
Class_II_3505,Female,20,Bedroom,0.82,1.2,17.6,51,0.05,17.5,-1.24,0.0,-1.24
Class_II_3508,Female,70,Bedroom,0.77,1.2,17.4,54,0.07,16.6,-1.46,0.0,-1.46
Class_II_3512,Male,40,Bedroom,0.78,1.2,21.8,76,0.17,22.1,-0.27,0.0,-0.27
Class_II_3519,Female,40,Bedroom,0.42,1.2,24.3,70,0.05,24.4,-0.13,0.0,-0.13
Class_II_3522,Female,20,Bedroom,0.71,1.2,23.5,74,0.07,23.6,0.23,0.0,0.23
Class_II_3526,Male,60,Bedroom,0.42,1.2,22.1,82,0.03,22.1,-0.81,0.0,-0.81
Class_II_3529,Male,20,Bedroom,0.78,1.2,22.4,81,0.01,22.1,0.05,0.0,0.05
Class_II_3534,Male,70,Bedroom,0.78,1.2,20.9,89,0.02,20.5,-0.31,0.0,-0.31
Class_II_3535,Male,60,Bedroom,0.42,1.2,21.0,88,0.01,20.9,-1.17,0.0,-1.17
Class_II_3541,Male,60,Bedroom,0.78,1.2,22.4,85,0.04,21.9,0.07,0.0,0.07
Class_II_3545,Female,65,Bedroom,0.73,1.2,21.9,90,0.02,21.9,-0.09,0.0,-0.09
Class_II_3565,Male,70,Living room,0.52,1.2,23.4,87,0.53,26.5,-0.55,0.0,-0.55
Class_II_3567,Female,50,Living room,0.42,1.2,24.3,80,0.63,30.1,-0.36,0.0,-0.36
Class_II_3568,Female,60,Living room,0.42,1.2,23.9,83,0.79,32.4,-0.36,0.0,-0.36
Class_II_3571,Female,60,Bedroom,0.95,1.2,18.9,61,0.02,19.1,-0.57,0.0,-0.57
Class_II_3572,Male,50,Living room,0.78,1.2,19.3,69,0.38,19.5,-1.35,0.0,-1.35
Class_II_3574,Male,65,Bedroom,0.43,1.2,19.1,65,0.07,17.9,-2.03,0.0,-2.03
Class_II_3575,Female,30,Living room,0.88,1.2,18.8,68,0.3,17.5,-1.24,0.0,-1.24
Class_II_3577,Male,50,Bedroom,0.78,1.2,15.4,61,0.1,15.7,-1.8,0.0,-1.8
Class_II_3579,Male,50,Living room,0.63,1.2,18.5,57,0.04,18.0,-1.51,0.0,-1.51
Class_II_3584,Male,30,Living room,0.92,1.2,19.7,64,0.14,19.5,-0.6,0.0,-0.6
Class_II_3586,Female,50,Bedroom,0.7,1.2,20.4,61,0.23,20.8,-1.03,0.0,-1.03
Class_II_3587,Female,50,Bedroom,0.42,1.2,20.4,53,0.23,20.2,-2.07,0.0,-2.07
Class_II_3594,Male,40,Living room,0.78,1.2,22.3,63,0.47,22.6,-0.59,0.0,-0.59
Class_II_3595,Male,40,Living room,0.98,1.2,22.3,59,0.93,22.4,-0.4,0.0,-0.4
Class_II_3596,Male,50,Bedroom,0.78,1.2,22.4,54,0.04,22.5,-0.07,0.0,-0.07
Class_II_3600,Male,40,Bedroom,0.52,1.2,22.5,47,0.17,22.8,-0.82,0.0,-0.82
Class_II_3601,Male,40,Bedroom,0.42,1.2,22.5,52,0.14,22.8,-0.96,0.0,-0.96
Class_II_3602,Male,40,Bedroom,0.63,1.2,22.4,50,0.11,22.9,-0.37,0.0,-0.37
Class_II_3603,Male,50,Living room,0.53,1.2,22.4,51,0.4,22.9,-1.24,0.0,-1.24
Class_II_3605,Female,40,Bedroom,0.42,1.2,22.8,55,0.08,23.3,-0.67,0.0,-0.67
Class_II_3610,Male,50,Bedroom,0.79,1.2,22.6,68,0.06,23.1,0.13,0.0,0.13
Class_II_3611,Female,40,Living room,0.79,1.2,22.7,67,0.27,23.2,-0.19,0.0,-0.19
Class_II_3612,Male,50,Living room,0.62,1.2,22.7,70,0.05,23.2,-0.14,0.0,-0.14
Class_II_3613,Male,40,Living room,0.98,1.2,22.7,59,0.27,23.4,0.1,0.0,0.1
Class_II_3614,Male,40,Bedroom,0.87,1.2,22.7,62,0.09,23.2,0.23,0.0,0.23
Class_II_3618,Female,50,Bedroom,0.78,1.2,19.7,62,0.07,19.6,-0.75,0.0,-0.75
Class_II_3619,Male,50,Living room,0.87,1.2,19.7,62,0.4,19.5,-1.09,0.0,-1.09
Class_II_3620,Male,50,Living room,0.95,1.2,19.6,61,0.83,19.6,-1.18,0.0,-1.18
Class_II_3621,Male,40,Bedroom,0.78,1.2,19.7,65,0.12,19.9,-0.75,0.0,-0.75
Class_II_3623,Male,40,Living room,0.78,1.2,19.4,61,0.1,19.8,-0.77,0.0,-0.77
Class_II_3626,Male,50,Living room,0.78,1.2,20.4,57,0.32,20.4,-1.03,0.0,-1.03
Class_II_3628,Male,40,Living room,0.77,1.2,20.3,57,0.64,20.6,-1.39,0.0,-1.39
Class_II_3629,Female,50,Bedroom,0.86,1.2,19.8,60,0.1,19.7,-0.56,0.0,-0.56
Class_II_3630,Female,50,Living room,0.78,1.2,20.2,60,0.34,19.9,-1.14,0.0,-1.14
Class_II_3631,Female,40,Living room,0.78,1.2,19.9,64,0.42,20.5,-1.2,0.0,-1.2
Class_II_3633,Male,40,Living room,0.78,1.2,19.9,64,0.41,20.2,-1.21,0.0,-1.21
Class_II_3634,Male,50,Living room,0.78,1.2,19.9,60,0.62,19.9,-1.47,0.0,-1.47
Class_II_3635,Male,50,Bedroom,0.99,1.2,19.9,55,0.12,20.2,-0.37,0.0,-0.37
Class_II_3636,Male,50,Bedroom,0.87,1.2,19.9,60,0.02,20.1,-0.49,0.0,-0.49
Class_II_3637,Female,50,Living room,0.78,1.2,17.1,57,0.41,15.5,-2.24,0.0,-2.24
Class_II_3640,Male,50,Bedroom,0.78,1.2,17.2,57,0.62,15.3,-2.44,0.0,-2.44
Class_II_3641,Female,40,Living room,0.78,1.2,17.3,60,0.61,14.8,-2.44,0.0,-2.44
Class_II_3643,Male,50,Living room,0.78,1.2,17.2,60,0.24,15.6,-1.91,0.0,-1.91
Class_II_3645,Male,50,Bedroom,0.96,1.2,16.9,60,0.06,15.9,-1.13,0.0,-1.13
Class_II_3646,Male,40,Living room,0.78,1.2,16.5,62,0.62,16.2,-2.51,0.0,-2.5
Class_II_3647,Male,40,Living room,0.87,1.2,16.7,61,0.24,16.3,-1.68,0.0,-1.68
Class_II_3649,Male,40,Living room,0.78,1.2,16.9,63,0.42,17.3,-2.1,0.0,-2.1
Class_II_3650,Male,40,Living room,0.78,1.2,16.9,47,0.07,17.5,-1.45,0.0,-1.45
Class_II_3651,Male,60,Bedroom,0.82,1.2,22.0,50,0.01,22.7,-0.06,0.0,-0.06
Class_II_3652,Male,30,Bedroom,1.07,1.2,21.8,50,0.09,22.1,0.2,0.0,0.2
Class_II_3657,Male,40,Bedroom,0.88,1.2,22.6,50,0.08,23.4,0.19,0.0,0.19
Class_II_3659,Male,40,Living room,0.78,1.2,24.0,57,0.64,25.2,-0.14,0.0,-0.14
Class_II_3660,Female,40,Living room,0.78,1.2,23.1,54,0.6,24.3,-0.41,0.0,-0.41
Class_II_3664,Male,20,Living room,0.42,1.2,17.5,60,0.43,17.5,-3.63,0.0,-2.5
Class_II_3665,Male,60,Living room,0.78,1.2,17.6,56,0.36,18.1,-1.84,0.0,-1.84
Class_II_3671,Female,40,Living room,0.78,1.2,27.2,53,0.5,35.6,1.58,0.0,1.58
Class_II_3672,Male,50,Bedroom,0.89,1.2,26.1,57,0.21,31.6,1.38,0.0,1.38
Class_II_3674,Male,50,Bedroom,0.53,1.2,23.4,69,0.01,23.3,-0.2,0.0,-0.2
Class_II_3677,Female,60,Living room,0.43,1.2,18.9,70,0.43,19.9,-2.86,0.0,-2.5
Class_II_3684,Female,50,Living room,0.42,1.2,29.2,61,0.63,27.7,0.72,0.0,0.72
Class_II_3685,Male,70,Living room,0.54,1.2,28.2,62,0.43,27.2,0.73,0.0,0.73
Class_II_3688,Female,50,Bedroom,0.53,1.2,27.6,65,0.24,27.8,0.84,0.0,0.84
Class_II_3689,Male,60,Living room,0.53,1.2,27.2,65,0.73,26.3,0.2,0.0,0.2
Class_II_3693,Female,60,Living room,0.76,1.2,17.1,60,0.21,17.5,-1.73,0.0,-1.73
Class_II_3694,Male,20,Living room,0.79,1.2,17.6,61,0.57,17.9,-2.05,0.0,-2.05
Class_II_3695,Female,60,Living room,0.67,1.2,18.1,63,0.42,18.4,-2.15,0.0,-2.15
Class_II_3696,Male,65,Living room,0.91,1.2,18.7,59,0.15,19.5,-0.8,0.0,-0.8
Class_II_3698,Male,50,Bedroom,0.78,1.2,24.7,59,0.82,29.2,0.28,0.0,0.28
Class_II_3699,Female,40,Bedroom,0.78,1.2,25.4,58,0.33,27.6,0.6,0.0,0.6
Class_II_3700,Male,40,Living room,0.78,1.2,25.1,60,0.2,27.4,0.69,0.0,0.69
Class_II_3701,Male,60,Bedroom,0.53,1.2,25.5,59,0.19,28.2,0.49,0.0,0.49
Class_II_3702,Female,50,Living room,0.78,1.2,25.1,58,0.64,27.8,0.33,0.0,0.33
Class_II_3704,Male,50,Bedroom,0.53,1.2,25.4,60,0.19,28.9,0.58,0.0,0.58
Class_II_3706,Male,40,Living room,0.78,1.2,24.1,65,0.14,23.5,0.24,0.0,0.24
Class_II_3709,Female,60,Bedroom,0.68,1.2,18.2,69,0.09,18.4,-1.32,0.0,-1.32
Class_II_3710,Male,65,Living room,0.78,1.2,18.6,60,0.27,18.8,-1.42,0.0,-1.42
Class_II_3714,Female,20,Living room,0.87,1.2,19.2,59,0.42,20.5,-1.13,0.0,-1.13
Class_II_3718,Female,30,Living room,0.78,1.2,24.9,59,0.57,28.0,0.36,0.0,0.36
Class_II_3719,Male,60,Bedroom,0.78,1.2,24.9,59,0.38,28.4,0.54,0.0,0.54
Class_II_3725,Female,65,Bedroom,0.5,1.2,19.3,61,0.04,19.4,-1.58,0.0,-1.58
Class_II_3728,Male,30,Bedroom,0.86,1.2,18.8,57,0.08,17.9,-0.9,0.0,-0.9
Class_II_3736,Female,20,Bedroom,1.16,1.2,19.6,36,0.18,19.5,-0.42,0.0,-0.42
Class_II_3744,Female,20,Bedroom,1.01,1.2,22.6,68,0.15,21.5,0.16,0.0,0.16
Class_II_3746,Female,20,Bedroom,1.09,1.2,22.6,68,0.19,22.6,0.31,0.0,0.31
Class_II_3747,Male,20,Bedroom,0.81,1.2,22.6,68,0.14,12.1,-1.1,0.0,-1.1
Class_II_3750,Male,30,Bedroom,0.98,1.2,22.3,67,0.08,22.5,0.29,0.0,0.29
Class_II_3751,Female,60,Bedroom,1.26,1.2,22.3,67,0.15,22.4,0.49,0.0,0.49
Class_II_3762,Female,70,Bedroom,1.06,1.2,22.8,71,0.01,23.1,0.54,0.0,0.54
Class_II_3773,Male,65,Bedroom,0.95,1.2,19.7,75,0.03,19.6,-0.36,0.0,-0.36
Class_II_3776,Female,30,Bedroom,0.89,1.2,19.6,75,0.01,19.6,-0.47,0.0,-0.47
Class_II_3781,Male,30,Bedroom,0.42,1.2,20.6,75,0.04,20.6,-1.36,0.0,-1.36
Class_II_3782,Female,20,Bedroom,0.63,1.2,20.4,75,0.02,20.4,-0.8,0.0,-0.8
Class_II_3784,Male,50,Bedroom,0.53,1.2,20.3,75,0.04,20.4,-1.11,0.0,-1.11
Class_II_3785,Male,30,Bedroom,0.42,1.2,19.8,75,0.02,19.8,-1.63,0.0,-1.63
Class_II_3786,Male,30,Bedroom,0.42,1.2,20.2,75,0.02,20.0,-1.53,0.0,-1.53
Class_II_3787,Male,50,Bedroom,0.98,1.2,19.9,75,0.03,20.3,-0.2,0.0,-0.2
Class_II_3788,Male,60,Bedroom,0.53,1.2,19.9,75,0.03,20.3,-1.19,0.0,-1.19
Class_II_3789,Male,30,Bedroom,0.78,1.2,19.9,75,0.05,20.1,-0.58,0.0,-0.58
Class_II_3790,Male,30,Bedroom,0.42,1.2,19.9,75,0.04,19.9,-1.6,0.0,-1.6
Class_II_3791,Male,60,Bedroom,0.42,1.2,19.9,75,0.06,20.2,-1.56,0.0,-1.56
Class_II_3792,Male,50,Bedroom,0.78,1.2,19.9,75,0.06,20.2,-0.58,0.0,-0.58
Class_II_3795,Male,30,Bedroom,0.76,1.2,17.1,81,0.01,16.6,-1.42,0.0,-1.42
Class_II_3796,Female,30,Bedroom,0.67,1.2,17.2,82,0.01,16.4,-1.67,0.0,-1.67
Class_II_3797,Male,50,Bedroom,0.78,1.2,17.3,81,0.02,16.2,-1.38,0.0,-1.38
Class_II_3799,Female,30,Bedroom,0.76,1.2,17.2,82,0.02,16.3,-1.43,0.0,-1.43
Class_II_3800,Male,60,Bedroom,0.78,1.2,17.3,82,0.01,16.6,-1.33,0.0,-1.33
Class_II_3801,Male,50,Bedroom,0.42,1.2,16.9,83,0.03,16.0,-2.69,0.0,-2.5
Class_II_3802,Female,50,Bedroom,0.95,1.2,16.5,83,0.02,16.4,-1.08,0.0,-1.08
Class_II_3803,Male,20,Bedroom,0.53,1.2,16.7,82,0.02,16.4,-2.24,0.0,-2.24
Class_II_3804,Male,30,Bedroom,0.78,1.2,16.9,79,0.01,16.8,-1.39,0.0,-1.39
Class_II_3806,Male,30,Bedroom,0.42,1.2,16.9,79,0.03,17.4,-2.53,0.0,-2.5
Class_II_3814,Female,60,Bedroom,1.32,1.2,18.4,81,0.03,18.7,-0.03,0.0,-0.03
Class_II_3815,Male,30,Living room,0.9,1.2,13.6,82,0.31,13.6,-2.39,0.0,-2.39
Class_II_3816,Female,70,Living room,0.72,1.2,14.3,80,0.17,14.3,-2.44,0.0,-2.44
Class_II_3820,Female,50,Bedroom,1.16,1.2,16.1,62,0.02,16.1,-0.84,0.0,-0.84
Class_II_3831,Female,30,Bedroom,0.48,1.2,17.0,70,0.11,17.0,-2.36,0.0,-2.36
Class_II_3874,Female,30,Bedroom,0.88,1.2,22.2,67,0.11,22.2,0.05,0.0,0.05
Class_II_3875,Female,30,Bedroom,0.88,1.2,22.3,67,0.12,21.9,0.01,0.0,0.01
Class_II_3876,Male,30,Bedroom,0.96,1.2,21.2,67,0.08,21.2,-0.01,0.0,-0.01
Class_II_3892,Male,40,Living room,0.42,1.2,18.6,46,0.14,20.3,-2.05,0.0,-2.05
Class_II_3899,Male,30,Bedroom,0.53,1.2,23.2,48,0.22,19.6,-1.18,0.0,-1.18
Class_II_3902,Male,60,Bedroom,0.42,1.2,19.3,53,0.21,20.6,-2.17,0.0,-2.17
Class_II_3905,Male,65,Living room,0.71,1.2,18.7,53,0.35,18.2,-1.84,0.0,-1.84
Class_II_3907,Female,30,Bedroom,0.51,1.2,22.6,53,0.23,19.8,-1.33,0.0,-1.33
Class_II_3909,Female,40,Living room,0.54,1.2,17.8,50,0.23,17.1,-2.51,0.0,-2.5
Class_II_3912,Female,40,Living room,0.61,1.2,16.5,59,0.2,20.3,-1.98,0.0,-1.98
Class_II_3915,Male,50,Bedroom,0.53,1.2,18.9,56,0.23,16.5,-2.37,0.0,-2.37
Class_II_3927,Male,20,Bedroom,0.51,1.2,21.2,63,0.09,20.2,-1.09,0.0,-1.09
Class_II_3928,Female,20,Bedroom,0.53,1.2,22.5,65,0.12,20.3,-0.87,0.0,-0.87
Class_II_3929,Male,60,Bedroom,0.6,1.2,21.8,54,0.16,21.4,-0.85,0.0,-0.85
Class_II_3930,Female,30,Bedroom,0.61,1.2,21.8,57,0.08,21.3,-0.62,0.0,-0.62
Class_II_3931,Female,50,Bedroom,0.86,1.2,21.8,57,0.08,21.3,-0.13,0.0,-0.13
Class_II_3932,Male,65,Living room,0.9,1.2,22.3,58,0.46,21.0,-0.47,0.0,-0.47
Class_II_3933,Female,65,Living room,0.88,1.2,22.3,58,0.46,21.0,-0.52,0.0,-0.52
Class_II_3934,Male,60,Living room,0.53,1.2,20.5,64,0.34,23.6,-1.43,0.0,-1.43
Class_II_3935,Female,50,Bedroom,0.53,1.2,19.5,64,0.01,21.7,-1.14,0.0,-1.14
Class_II_3937,Female,70,Living room,0.62,1.2,17.5,56,0.02,18.6,-1.64,0.0,-1.64
Class_II_3938,Female,65,Living room,0.51,1.2,17.8,58,0.08,18.6,-1.94,0.0,-1.94
Class_II_3939,Male,30,Bedroom,0.51,1.2,21.3,57,0.18,19.9,-1.42,0.0,-1.42
Class_II_3940,Female,30,Bedroom,0.53,1.2,21.3,63,0.03,20.7,-0.94,0.0,-0.94
Class_II_3941,Male,60,Living room,0.71,1.2,21.8,58,0.13,21.4,-0.49,0.0,-0.49
Class_II_3945,Male,60,Bedroom,0.42,1.2,17.3,57,0.04,18.3,-2.42,0.0,-2.42
Class_II_3948,Female,50,Living room,0.7,1.2,20.1,51,0.2,13.6,-1.82,0.0,-1.82
Class_II_3950,Male,30,Bedroom,0.44,1.2,22.0,51,0.2,13.2,-2.46,0.0,-2.46
Class_II_3951,Male,30,Living room,0.46,1.2,23.0,51,0.17,12.4,-2.22,0.0,-2.22
Class_II_3954,Female,40,Bedroom,0.54,1.2,19.0,52,0.83,11.9,-3.66,0.0,-2.5
Class_II_3956,Male,30,Bedroom,0.65,1.2,20.0,51,0.23,12.0,-2.23,0.0,-2.23
Class_II_3958,Female,40,Living room,0.4,1.2,20.0,51,0.18,14.5,-2.81,0.0,-2.5
Class_II_3959,Female,40,Living room,0.4,1.2,20.0,50,0.1,16.5,-2.24,0.0,-2.24
Class_II_3960,Male,60,Bedroom,0.4,1.2,21.0,51,0.15,16.1,-2.28,0.0,-2.28
Class_II_3964,Female,30,Living room,0.78,1.2,21.5,57,0.03,18.2,-0.65,0.0,-0.65
Class_II_3965,Male,50,Living room,0.65,1.2,22.1,56,0.08,18.6,-0.81,0.0,-0.81
Class_II_3968,Female,50,Living room,0.42,1.2,17.9,55,0.3,12.3,-3.82,0.0,-2.5
Class_II_3969,Male,30,Bedroom,0.42,1.2,18.2,56,0.28,13.2,-3.58,0.0,-2.5
Class_II_3971,Female,40,Living room,0.76,1.2,19.8,56,0.98,13.0,-2.31,0.0,-2.31
Class_II_3972,Male,50,Living room,0.65,1.2,19.8,58,0.9,14.2,-2.66,0.0,-2.5
Class_II_3975,Female,50,Bedroom,0.96,1.2,17.7,69,0.31,17.9,-1.21,0.0,-1.21
Class_II_3977,Male,20,Bedroom,0.43,1.2,22.0,43,0.03,20.4,-1.26,0.0,-1.26
Class_II_3985,Male,30,Bedroom,0.78,1.2,20.9,62,0.01,20.7,-0.45,0.0,-0.45
Class_II_3988,Male,60,Bedroom,0.54,1.2,21.6,53,0.58,19.6,-1.98,0.0,-1.98
Class_II_3990,Female,20,Bedroom,0.57,1.2,20.6,56,0.02,20.9,-0.98,0.0,-0.98
Class_II_3993,Male,50,Bedroom,0.73,1.2,20.1,60,0.02,20.1,-0.74,0.0,-0.74
Class_II_3994,Female,50,Bedroom,0.72,1.2,19.4,63,0.06,19.4,-0.94,0.0,-0.94
Class_II_3996,Female,50,Bedroom,1.18,1.2,21.4,59,0.02,20.9,0.23,0.0,0.23
Class_II_4000,Female,20,Bedroom,0.35,1.2,20.9,62,0.02,21.2,-1.52,0.0,-1.52
Class_II_4001,Male,70,Bedroom,0.55,1.2,20.1,63,0.05,19.3,-1.28,0.0,-1.28
Class_II_4002,Male,70,Bedroom,0.83,1.2,20.1,64,0.06,19.5,-0.58,0.0,-0.58
Class_II_4003,Male,30,Bedroom,0.78,1.2,19.4,67,0.13,19.4,-0.88,0.0,-0.88
Class_II_4004,Female,40,Bedroom,0.56,1.2,19.1,68,0.07,18.6,-1.49,0.0,-1.49
Class_II_4011,Female,10,Bedroom,0.6,1.2,26.0,83,0.01,24.9,0.69,0.0,0.69
Class_II_4017,Female,60,Bedroom,1.29,1.2,17.5,87,0.03,17.8,-0.22,0.0,-0.22
Class_II_4019,Female,65,Bedroom,0.93,1.2,17.3,90,0.03,17.4,-0.87,0.0,-0.87
Class_II_4046,Female,20,Bedroom,0.18,1.2,29.7,83,0.66,29.7,0.73,0.0,0.73
Class_II_4048,Male,23,Bedroom,0.12,1.2,29.6,83,0.65,29.9,0.51,0.0,0.51
Class_II_4090,Female,46,Bedroom,0.3,1.2,29.5,81,0.18,29.7,1.42,0.0,1.42
Class_II_4098,Female,24,Bedroom,0.3,1.2,30.5,78,0.11,30.3,1.83,0.0,1.83
Class_II_4139,Male,19,Bedroom,0.23,1.2,29.7,80,0.86,30.0,0.78,0.0,0.78
Class_II_4155,Male,19,Bedroom,0.32,1.2,31.3,75,0.39,32.6,2.14,0.0,2.14
Class_II_4168,Male,22,Bedroom,0.32,1.2,30.1,78,0.39,29.8,1.39,0.0,1.39
Class_II_4171,Male,70,Bedroom,0.15,1.2,29.2,82,0.3,29.7,1.02,0.0,1.02
Class_II_4173,Female,58,Bedroom,0.17,1.2,29.4,80,0.35,29.6,1.12,0.0,1.12
Class_II_4174,Male,68,Bedroom,0.45,1.2,29.3,82,0.9,29.6,0.79,0.0,0.79
Class_II_4175,Female,14,Bedroom,0.3,1.2,29.5,82,0.36,30.0,1.27,0.0,1.27
Class_II_4182,Male,66,Bedroom,0.19,1.2,30.4,78,0.2,30.4,1.71,0.0,1.71
Class_II_4189,Female,60,Bedroom,0.28,1.2,28.9,86,0.37,29.4,0.87,0.0,0.87
Class_II_4192,Female,57,Bedroom,0.17,1.2,28.9,86,0.2,29.1,1.15,0.0,1.15
Class_II_4194,Male,78,Bedroom,0.5,1.2,29.0,83,0.46,29.8,1.15,0.0,1.15
Class_II_4228,Male,55,Bedroom,0.25,1.2,30.4,70,0.09,31.1,1.92,0.0,1.92
Class_II_4232,Male,44,Bedroom,0.07,1.2,29.8,74,0.95,30.1,1.19,0.0,1.19
Class_II_4285,Male,67,Living room,0.28,1.2,29.6,83,0.12,29.4,1.47,0.0,1.47
Class_II_4300,Female,60,Living room,0.3,1.2,29.7,83,0.35,30.2,1.19,0.0,1.19
Class_II_4314,Female,43,Bedroom,0.3,1.2,31.8,75,0.82,31.8,1.97,0.0,1.97
Class_II_4333,Female,20,Bedroom,0.77,1.2,29.7,83,0.66,29.7,0.73,0.0,0.73
Class_II_4335,Male,23,Bedroom,0.75,1.2,29.6,83,0.65,29.9,0.51,0.0,0.51
Class_II_7979,Female,20,Bedroom,1.11,1.0,18.0,69,0.01,18.3,-2.14,0.0,-2.14
Class_II_7983,Male,20,Bedroom,0.54,1.0,17.5,60,0.1,18.4,-0.78,0.0,-0.78
Class_II_7992,Male,21,Bedroom,0.53,1.0,17.5,60,0.1,18.4,-3.51,0.0,-2.5
Class_II_8051,Male,20,Bedroom,0.46,1.0,20.2,66,0.6,20.7,-0.81,0.0,-0.81
Class_II_8172,Male,19,Bedroom,0.65,1.0,21.4,55,0.0,23.0,-1.3,0.0,-1.3
Class_II_8193,Male,19,Bedroom,0.56,1.0,19.4,71,0.0,20.1,-1.38,0.0,-1.38
Class_II_8234,Male,19,Bedroom,1.01,1.0,25.3,73,0.1,26.7,0.08,0.0,0.08
Class_II_8278,Female,20,Bedroom,0.2,1.0,29.3,47,0.13,30.1,0.91,0.0,0.91
Class_II_8324,Male,19,Bedroom,0.41,1.0,27.0,53,0.0,27.3,0.08,0.0,0.08
Class_II_8405,Male,20,Bedroom,0.32,1.0,26.9,75,0.05,28.0,1.32,0.0,1.32
Class_II_8620,Male,21,Bedroom,0.83,1.0,29.8,76,0.13,31.1,0.96,0.0,0.96
Class_II_8639,Female,20,Bedroom,0.1,1.0,30.3,80,0.58,32.3,1.3,0.0,1.3
Class_II_8677,Female,20,Bedroom,0.3,1.0,30.2,76,0.5,31.2,1.15,0.0,1.15
Class_II_8716,Male,21,Bedroom,0.32,1.0,28.2,36,0.18,30.5,0.63,0.0,0.63
Class_II_8783,Male,21,Bedroom,0.5,1.0,27.3,47,0.63,29.2,-0.9,0.0,-0.9
Class_II_8811,Male,21,Bedroom,0.28,1.0,25.2,75,0.15,27.4,-0.31,0.0,-0.31
Class_II_8838,Female,18,Bedroom,0.19,1.0,27.8,46,0.4,28.7,-0.2,0.0,-0.2
Class_II_8839,Female,20,Bedroom,0.32,1.0,27.8,46,0.46,29.3,0.79,0.0,0.79
Class_II_8869,Male,21,Bedroom,0.56,1.0,27.6,51,0.57,28.9,-0.42,0.0,-0.42
Class_II_8944,Male,20,Bedroom,0.48,1.0,28.9,66,0.3,30.0,1.02,0.0,1.02
Class_II_9043,Male,19,Bedroom,0.81,1.0,21.8,54,0.03,23.3,-0.62,0.0,-0.62
Class_II_9049,Male,21,Bedroom,1.08,1.0,19.6,54,0.08,22.1,-2.13,0.0,-2.13
Class_II_9080,Female,20,Bedroom,0.81,1.0,22.2,65,0.03,22.7,-0.8,0.0,-0.8
Class_II_9164,Male,19,Bedroom,0.48,1.0,19.9,68,0.04,20.6,-1.41,0.0,-1.41
Class_II_9171,Male,19,Bedroom,1.01,1.0,21.8,51,0.06,22.3,-0.56,0.0,-0.56
Class_II_9202,Male,20,Bedroom,0.41,1.0,19.1,50,0.2,19.6,-0.8,0.0,-0.8
Class_II_9213,Female,20,Bedroom,0.57,1.0,21.2,57,0.08,23.1,-1.08,0.0,-1.08
Class_II_9266,Male,20,Bedroom,1.35,1.0,19.3,65,0.28,20.9,-1.87,0.0,-1.87
Class_II_9315,Female,24,Bedroom,0.34,1.0,28.3,78,0.12,29.2,1.22,0.0,1.22
Class_II_9463,Female,21,Bedroom,0.21,1.0,28.2,75,0.65,30.0,0.83,0.0,0.83
Class_II_9546,Female,21,Bedroom,0.11,1.0,29.9,76,0.18,31.7,1.27,0.0,1.27
Class_II_9689,Female,22,Bedroom,0.34,1.0,30.9,60,0.72,32.9,1.7,0.0,1.7
Class_II_9700,Female,21,Bedroom,0.5,1.0,29.3,62,0.27,30.2,1.24,0.0,1.24
Class_II_9713,Male,22,Bedroom,0.48,1.0,29.8,63,0.25,31.2,1.33,0.0,1.33
Class_II_9725,Male,22,Bedroom,0.07,1.0,28.6,56,0.53,30.5,0.27,0.0,0.27
Class_II_9731,Female,22,Bedroom,0.3,1.0,30.0,53,0.19,30.8,1.25,0.0,1.25
Class_II_9733,Female,21,Bedroom,0.48,1.0,30.3,58,0.43,31.9,1.77,0.0,1.77
Class_II_9790,Male,22,Bedroom,0.5,1.0,29.2,65,0.76,31.5,1.1,0.0,1.1
Class_II_9816,Female,21,Bedroom,0.41,1.0,28.0,59,0.21,28.4,0.7,0.0,0.7
Class_II_9833,Male,22,Bedroom,0.88,1.0,27.1,75,0.4,28.7,-0.14,0.0,-0.14
Class_II_9842,Female,21,Bedroom,0.48,1.0,27.3,74,0.43,28.5,0.53,0.0,0.53
Class_II_9855,Female,22,Bedroom,0.88,1.0,21.8,36,0.04,22.9,-1.04,0.0,-1.04
Class_II_9881,Female,22,Bedroom,0.54,1.0,23.4,43,0.23,25.1,-0.14,0.0,-0.14
Class_II_9885,Female,21,Bedroom,0.98,1.0,23.8,42,0.15,27.7,-0.17,0.0,-0.17
Class_II_9931,Male,23,Bedroom,0.84,1.0,22.4,38,0.45,25.1,-0.77,0.0,-0.77
Class_II_10115,Female,22,Bedroom,0.34,1.0,28.5,57,0.2,29.4,0.9,0.0,0.9
Class_II_10125,Female,22,Bedroom,0.56,1.0,28.4,61,0.1,30.6,1.27,0.0,1.27
Class_II_10192,Female,22,Bedroom,1.13,1.0,27.4,52,0.65,27.7,-0.33,0.0,-0.33
Class_II_19548,Male,35,Living room,0.22,1.2,23.9,49,0.03,22.9,-0.22,0.0,-0.22
Class_II_25026,Female,18-30,Dormitory,1.02,1.0,21.1,62,0.0,21.1,-0.44,0.0,-0.44
Class_II_25031,Female,18-30,Dormitory,1.08,1.1,22.7,48,0.0,22.7,0.2,0.0,0.2
Class_II_25033,Female,18-30,Dormitory,0.97,1.0,22.1,51,0.0,22.1,-0.32,0.0,-0.32
Class_II_25034,Female,18-30,Dormitory,0.76,1.0,22.0,41,0.0,22.0,-0.85,0.0,-0.85
Class_II_25038,Female,18-30,Dormitory,0.39,1.0,22.8,50,0.0,22.8,-1.57,0.0,-1.57
Class_II_25040,Female,18-30,Dormitory,1.14,1.0,21.0,43,0.0,21.0,-0.39,0.0,-0.39
Class_II_25042,Female,18-30,Dormitory,0.69,1.0,21.7,43,0.0,21.7,-1.1,0.0,-1.1
Class_II_25043,Female,18-30,Dormitory,0.75,1.0,21.7,43,0.0,21.7,-0.95,0.0,-0.95
Class_II_25044,Female,18-30,Dormitory,1.25,1.0,21.9,45,0.0,21.9,0.0,0.0,0.0
Class_II_25056,Male,18-30,Dormitory,0.68,1.0,21.8,38,0.0,21.8,-1.13,0.0,-1.13
Class_II_25058,Male,18-30,Dormitory,1.02,1.0,22.1,51,0.0,22.1,-0.24,0.0,-0.24
Class_II_25061,Male,18-30,Dormitory,0.71,1.0,21.9,47,0.0,21.9,-0.96,0.0,-0.96
Class_II_25065,Male,18-30,Dormitory,0.55,1.2,20.1,47,0.0,20.1,-1.27,0.0,-1.27
Class_II_25067,Male,18-30,Dormitory,0.45,1.0,21.4,53,0.0,21.4,-1.91,0.0,-1.91
Class_II_25075,Male,18-30,Dormitory,0.72,1.0,21.9,62,0.0,21.9,-0.83,0.0,-0.83
Class_II_25076,Male,18-30,Dormitory,0.36,1.2,22.1,60,0.0,22.1,-1.11,0.0,-1.11
Class_II_25077,Male,18-30,Dormitory,0.46,1.0,22.0,63,0.0,22.0,-1.56,0.0,-1.56
Class_II_25079,Male,18-30,Dormitory,0.65,1.0,22.4,64,0.0,22.4,-0.82,0.0,-0.82
Class_II_25086,Male,18-30,Dormitory,0.73,1.0,23.2,62,0.0,23.2,-0.37,0.0,-0.37
Class_II_25087,Male,18-30,Dormitory,1.4,1.0,23.1,63,0.0,23.1,0.59,0.0,0.59
Class_II_25089,Female,18-30,Dormitory,0.54,1.0,23.5,71,0.0,23.5,-0.66,0.0,-0.66
Class_II_25090,Female,18-30,Dormitory,0.58,1.0,23.4,69,0.0,23.4,-0.61,0.0,-0.61
Class_II_25097,Female,18-30,Dormitory,0.64,1.0,24.9,63,0.0,24.9,0.03,0.0,0.03
Class_II_25099,Female,18-30,Dormitory,0.69,1.0,24.8,62,0.0,24.8,0.08,0.0,0.08
Class_II_25100,Female,18-30,Dormitory,0.7,1.0,25.1,65,0.0,25.1,0.23,0.0,0.23
Class_II_25101,Female,18-30,Dormitory,0.98,1.2,25.1,65,0.0,25.1,0.91,0.0,0.91
Class_II_25104,Female,18-30,Dormitory,0.58,1.0,25.3,66,0.0,25.3,0.07,0.0,0.07
Class_II_25108,Female,18-30,Dormitory,0.53,1.2,24.2,75,0.0,24.2,0.1,0.0,0.1
Class_II_25116,Female,18-30,Dormitory,0.39,1.0,23.5,60,0.0,23.5,-1.19,0.0,-1.19
Class_II_25117,Female,18-30,Dormitory,1.06,1.0,23.6,52,0.0,23.6,0.24,0.0,0.24
Class_II_25121,Male,18-30,Dormitory,0.69,1.0,20.9,46,0.0,20.9,-1.35,0.0,-1.35
Class_II_25122,Male,18-30,Dormitory,0.32,1.0,20.9,46,0.0,20.9,-2.72,0.0,-2.5
Class_II_25124,Male,18-30,Dormitory,0.89,1.1,20.3,45,0.0,20.3,-0.72,0.0,-0.72
Class_II_25126,Male,18-30,Dormitory,0.75,1.2,22.4,50,0.0,22.4,-0.16,0.0,-0.16
Class_II_25128,Male,18-30,Dormitory,0.55,1.2,22.6,50,0.0,22.6,-0.51,0.0,-0.51
Class_II_25129,Male,18-30,Dormitory,0.43,1.2,22.8,50,0.0,22.8,-0.74,0.0,-0.74
Class_II_25134,Male,18-30,Dormitory,0.34,1.2,22.7,51,0.0,22.7,-1.02,0.0,-1.02
Class_II_25136,Male,18-30,Dormitory,0.79,1.2,23.3,50,0.0,23.3,0.14,0.0,0.14
Class_II_25137,Male,18-30,Dormitory,0.41,1.2,22.3,48,0.0,22.3,-0.97,0.0,-0.97
Class_II_25138,Male,18-30,Dormitory,0.7,1.2,22.3,49,0.0,22.3,-0.28,0.0,-0.28
Class_II_25141,Male,18-30,Dormitory,0.84,1.0,21.6,36,0.0,21.6,-0.83,0.0,-0.83
Class_II_25143,Male,18-30,Dormitory,0.93,1.0,22.2,36,0.0,22.2,-0.47,0.0,-0.47
Class_II_25144,Male,18-30,Dormitory,1.03,1.0,22.4,40,0.0,22.4,-0.22,0.0,-0.22
Class_II_25150,Male,18-30,Dormitory,0.49,1.0,21.7,47,0.0,21.7,-1.69,0.0,-1.69
Class_II_25159,Male,18-30,Dormitory,0.96,1.0,20.2,45,0.0,20.2,-0.92,0.0,-0.92
Class_II_25172,Male,18-30,Dormitory,1.45,1.0,21.3,45,0.0,21.3,0.1,0.0,0.1
Class_II_25175,Male,18-30,Dormitory,0.73,1.0,22.1,50,0.0,22.1,-0.82,0.0,-0.82
Class_II_25179,Male,18-30,Dormitory,0.69,1.0,22.2,43,0.0,22.2,-0.93,0.0,-0.93
Class_II_25180,Male,18-30,Dormitory,0.56,1.2,22.2,51,0.0,22.2,-0.59,0.0,-0.59
Class_II_25181,Male,18-30,Dormitory,0.31,1.0,22.2,51,0.0,22.2,-2.14,0.0,-2.14
Class_II_25184,Male,18-30,Dormitory,0.65,1.0,20.6,50,0.0,20.6,-1.54,0.0,-1.54
Class_II_25187,Female,18-30,Dormitory,0.87,1.0,21.2,50,0.0,21.2,-0.78,0.0,-0.78
Class_II_25192,Female,18-30,Dormitory,0.93,1.0,21.7,43,0.0,21.7,-0.57,0.0,-0.57
Class_II_25199,Female,18-30,Dormitory,0.87,1.0,21.6,50,0.0,21.6,-0.67,0.0,-0.67
Class_II_25204,Female,18-30,Dormitory,1.13,1.0,21.7,41,0.0,21.7,-0.24,0.0,-0.24
Class_II_25205,Female,18-30,Dormitory,0.99,1.0,22.0,45,0.0,22.0,-0.36,0.0,-0.36
Class_II_25207,Female,18-30,Dormitory,0.82,1.0,22.1,49,0.0,22.1,-0.63,0.0,-0.63
Class_II_25209,Female,18-30,Dormitory,0.58,1.0,21.3,49,0.0,21.3,-1.52,0.0,-1.52
Class_II_25212,Female,18-30,Dormitory,0.77,1.0,22.4,49,0.0,22.4,-0.64,0.0,-0.64
Class_II_25218,Male,18-30,Dormitory,0.63,1.0,20.8,39,0.0,20.8,-1.6,0.0,-1.6
Class_II_25219,Male,18-30,Dormitory,0.56,1.2,21.6,38,0.0,21.6,-0.85,0.0,-0.85
Class_II_25220,Male,18-30,Dormitory,0.48,1.0,20.3,32,0.0,20.3,-2.36,0.0,-2.36
Class_II_25222,Male,18-30,Dormitory,0.3,1.0,19.9,32,0.0,19.9,-3.36,0.0,-2.5
Class_II_25223,Male,18-30,Dormitory,0.53,1.0,20.7,39,0.0,20.7,-1.97,0.0,-1.97
Class_II_25230,Male,18-30,Dormitory,1.15,1.2,21.2,44,0.0,21.2,0.11,0.0,0.11
Class_II_25231,Male,18-30,Dormitory,1.25,1.3,21.2,43,0.0,21.2,0.36,0.0,0.36
Class_II_25238,Male,18-30,Dormitory,0.42,1.0,21.6,48,0.0,21.6,-1.97,0.0,-1.97
Class_II_25251,Male,18-30,Dormitory,0.8,1.0,19.2,30,0.0,19.2,-1.68,0.0,-1.68
Class_II_25264,Female,18-30,Dormitory,1.24,1.0,19.6,34,0.0,19.6,-0.64,0.0,-0.64
Class_II_25265,Female,18-30,Dormitory,0.66,1.0,21.1,38,0.0,21.1,-1.42,0.0,-1.42
Class_II_25266,Female,18-30,Dormitory,1.15,1.0,21.1,38,0.0,21.1,-0.38,0.0,-0.38
Class_II_25270,Female,18-30,Dormitory,0.9,1.0,21.5,49,0.0,21.5,-0.64,0.0,-0.64
Class_II_25274,Female,18-30,Dormitory,0.89,1.0,21.5,42,0.0,21.5,-0.71,0.0,-0.71
Class_II_25278,Female,18-30,Dormitory,0.73,1.0,20.7,48,0.0,20.7,-1.29,0.0,-1.29
Class_II_25283,Female,18-30,Dormitory,0.66,1.0,20.3,52,0.0,20.3,-1.6,0.0,-1.6
Class_II_25288,Female,18-30,Dormitory,1.15,1.0,20.9,53,0.0,20.9,-0.33,0.0,-0.33
Class_II_25289,Female,18-30,Dormitory,0.57,1.0,21.7,50,0.0,21.7,-1.4,0.0,-1.4
Class_II_25297,Male,18-30,Dormitory,0.9,1.2,21.4,41,0.0,21.4,-0.2,0.0,-0.2
Class_II_25299,Male,18-30,Dormitory,0.82,1.0,20.9,42,0.0,20.9,-1.04,0.0,-1.04
Class_II_25308,Male,18-30,Dormitory,0.3,1.1,21.5,44,0.0,21.5,-2.05,0.0,-2.05
Class_II_25311,Male,18-30,Dormitory,0.92,1.2,21.5,38,0.0,21.5,-0.17,0.0,-0.17
Class_II_25326,Male,18-30,Dormitory,0.46,1.0,18.6,34,0.0,18.6,-3.09,0.0,-2.5
Class_II_25327,Male,18-30,Dormitory,0.47,1.2,21.3,43,0.0,21.3,-1.15,0.0,-1.15
Class_II_25329,Male,18-30,Dormitory,0.63,1.2,21.7,36,0.0,21.7,-0.66,0.0,-0.66
Class_II_25331,Male,18-30,Dormitory,1.0,1.0,21.2,32,0.0,21.2,-0.65,0.0,-0.65
Class_II_25333,Male,18-30,Dormitory,0.51,1.0,21.0,33,0.0,21.0,-1.98,0.0,-1.98
Class_II_25335,Female,18-30,Dormitory,1.13,1.0,21.3,47,0.0,21.3,-0.3,0.0,-0.3
Class_II_25336,Female,18-30,Dormitory,0.92,1.0,21.3,47,0.0,21.3,-0.67,0.0,-0.67
Class_II_25340,Female,18-30,Dormitory,0.9,1.0,21.4,52,0.0,21.4,-0.65,0.0,-0.65
Class_II_25343,Female,18-30,Dormitory,0.72,1.0,21.7,52,0.0,21.7,-0.96,0.0,-0.96
Class_II_25347,Female,18-30,Dormitory,1.33,1.0,21.4,59,0.0,21.4,0.08,0.0,0.08
Class_II_25349,Female,18-30,Dormitory,0.37,1.0,21.1,65,0.0,21.1,-2.27,0.0,-2.27
Class_II_25361,Female,18-30,Dormitory,1.07,1.0,21.4,43,0.0,21.4,-0.4,0.0,-0.4
Class_II_25367,Male,18-30,Dormitory,1.06,1.2,19.9,34,0.0,19.9,-0.33,0.0,-0.33
Class_II_25376,Male,18-30,Dormitory,0.72,1.0,18.8,33,0.0,19.6,-1.91,0.0,-1.91
Class_II_25378,Male,18-30,Dormitory,0.95,1.0,19.6,33,0.0,19.2,-1.23,0.0,-1.23
Class_II_25390,Male,18-30,Dormitory,1.22,1.2,20.2,47,0.0,20.2,0.01,0.0,0.01
Class_II_25392,Male,18-30,Dormitory,0.65,1.0,20.1,48,0.0,20.1,-1.73,0.0,-1.73
Class_II_25396,Male,18-30,Dormitory,0.84,1.0,20.0,40,0.0,20.0,-1.28,0.0,-1.28
Class_II_25397,Male,18-30,Dormitory,0.46,1.0,19.9,39,0.0,19.9,-2.55,0.0,-2.5
Class_II_25398,Male,18-30,Dormitory,1.0,1.0,19.9,39,0.0,19.9,-0.96,0.0,-0.96
Class_II_25403,Male,18-30,Dormitory,0.98,1.0,19.8,40,0.0,19.8,-1.02,0.0,-1.02
Class_II_25407,Male,18-30,Dormitory,0.46,1.0,20.3,43,0.0,20.3,-2.37,0.0,-2.37
Class_II_25410,Male,18-30,Dormitory,0.59,1.1,20.4,39,0.0,20.4,-1.45,0.0,-1.45
Class_II_25411,Male,18-30,Dormitory,1.5,1.0,20.1,40,0.0,20.1,-0.13,0.0,-0.13
Class_II_25418,Female,18-30,Dormitory,0.75,1.0,20.8,37,0.0,20.8,-1.28,0.0,-1.28
Class_II_25419,Female,18-30,Dormitory,0.63,1.0,20.8,41,0.0,20.8,-1.59,0.0,-1.59
Class_II_25420,Female,18-30,Dormitory,1.08,1.1,20.8,41,0.0,20.8,-0.29,0.0,-0.29
Class_II_25421,Female,18-30,Dormitory,1.11,1.0,20.8,41,0.0,20.8,-0.51,0.0,-0.51
Class_II_25422,Female,18-30,Dormitory,1.16,1.0,20.9,41,0.0,20.9,-0.4,0.0,-0.4
Class_II_25424,Female,18-30,Dormitory,0.64,1.2,20.9,41,0.0,20.9,-0.84,0.0,-0.84
Class_II_25425,Female,18-30,Dormitory,1.11,1.0,20.9,41,0.0,20.9,-0.48,0.0,-0.48
Class_II_25427,Female,18-30,Dormitory,1.13,1.0,20.4,36,0.0,20.4,-0.6,0.0,-0.6
Class_II_25428,Female,18-30,Dormitory,1.11,1.0,20.4,36,0.0,20.4,-0.64,0.0,-0.64
Class_II_25431,Female,18-30,Dormitory,0.58,1.0,20.6,42,0.0,20.6,-1.81,0.0,-1.81
Class_II_25433,Female,18-30,Dormitory,1.11,1.0,20.6,42,0.0,20.6,-0.55,0.0,-0.55
Class_II_25439,Female,18-30,Dormitory,1.34,1.0,20.1,50,0.0,20.1,-0.27,0.0,-0.27
Class_II_25441,Female,18-30,Dormitory,0.78,1.0,20.6,49,0.0,20.6,-1.18,0.0,-1.18
Class_II_25446,Female,18-30,Dormitory,1.11,1.0,19.8,35,0.0,19.8,-0.8,0.0,-0.8
Class_II_25448,Female,18-30,Dormitory,1.11,1.1,19.6,38,0.0,19.6,-0.54,0.0,-0.54
Class_II_25450,Female,18-30,Dormitory,1.11,1.1,19.4,38,0.0,19.4,-0.58,0.0,-0.58
Class_II_25452,Female,18-30,Dormitory,1.24,1.0,19.5,36,0.0,19.5,-0.64,0.0,-0.64
Class_II_25453,Female,18-30,Dormitory,1.06,1.0,19.0,48,0.0,19.0,-1.02,0.0,-1.02
Class_II_25462,Female,18-30,Dormitory,1.19,1.0,19.0,40,0.0,19.0,-0.83,0.0,-0.83
Class_II_25469,Male,18-30,Dormitory,0.43,1.0,22.0,47,0.0,22.0,-1.78,0.0,-1.78
Class_II_25472,Male,18-30,Dormitory,1.05,1.0,20.9,48,0.0,20.9,-0.53,0.0,-0.53
Class_II_25475,Male,18-30,Dormitory,0.63,1.0,21.5,45,0.0,21.5,-1.32,0.0,-1.32
Class_II_25476,Male,18-30,Dormitory,0.9,1.0,21.5,42,0.0,21.5,-0.69,0.0,-0.69
Class_II_25478,Male,18-30,Dormitory,1.0,1.0,21.0,48,0.0,21.0,-0.6,0.0,-0.6
Class_II_25487,Male,18-30,Dormitory,0.77,1.0,20.6,55,0.0,20.6,-1.17,0.0,-1.17
Class_II_25489,Male,18-30,Dormitory,0.94,1.0,20.9,47,0.0,20.9,-0.75,0.0,-0.75
Class_II_25490,Male,18-30,Dormitory,1.15,1.0,21.1,47,0.0,21.1,-0.33,0.0,-0.33
Class_II_25491,Male,18-30,Dormitory,0.35,1.0,21.0,47,0.0,21.0,-2.53,0.0,-2.5
Class_II_25605,Male,18-30,Dormitory,0.5,1.0,21.5,51,0.05,21.8,-1.66,0.0,-1.66
Class_II_25608,Female,18-30,Bedroom,0.9,1.0,19.6,48,0.04,19.1,-1.27,0.0,-1.27
Class_II_25611,Female,18-30,Bedroom,0.6,1.0,24.0,39,0.04,23.7,-0.61,0.0,-0.61
Class_II_25612,Male,18-30,Bedroom,0.5,1.0,23.8,45,0.04,24.5,-0.75,0.0,-0.75
